±¸ºÐ,¿¬µµ,ÀÏÀÚ,¿¬µµº° ½ÃÇàÈ¸Â÷,1½Ã,2½Ã,3½Ã,4½Ã,5½Ã,6½Ã,7½Ã,8½Ã,9½Ã,10½Ã,11½Ã,12½Ã,13½Ã,14½Ã,15½Ã,16½Ã,17½Ã,18½Ã,19½Ã,20½Ã,21½Ã,22½Ã,23½Ã,24½Ã,ÃÑÁ¦¾î·®
Ç³·Â,2015,825,1,0.033333333,2.05,5.120833333,12.25,12.13333333,1.6625,0,0,0,0,0,0,0,0,0,0,0,0,0,0,0,0,0,0,33.25
Ç³·Â,2015,102,2,0,3.116666667,21.7,30.1,26.86666667,0,0,0,0,0,0,0,0,0,0,0,0,0,0,0,0,0,0,0,81.78333333
Ç³·Â,2015,1011,3,0,0,9.633333333,22.83333333,4.116666667,0,0,0,0,0,0,0,0,0,0,0,0,0,0,0,0,0,0,0,36.58333333
Ç³·Â,2016,417,1,0,0,0,0,0,0,0,0,0,0,0,0,1.2,0.45,0,0,0,0,0,0,0,0,0,0,1.65
Ç³·Â,2016,516,2,0,17.73333333,19,19,19,12.35,0,0,0,0,0,0,0,0,0,0,0,0,0,0,0,0,0,0,87.08333333
Ç³·Â,2016,1029,3,0,2.666666667,10,10,4.833333333,0,0,0,0,0,0,0,0,0,0,0,0,0,0,0,0,0,0,0,27.5
Ç³·Â,2016,111,4,0,0,21.46666667,28,28,21.93333333,0,0,0,0,0,0,0,0,0,0,0,0,0,0,0,0,0,0,99.4
Ç³·Â,2016,118,5,0,0,0,1,1.083333333,0,0,0,0,0,0,0,0,0,0,0,0,0,0,0,0,0,0,0,2.083333333
Ç³·Â,2016,1115,6,0,0,2.75,17.46666667,14.11666667,0,0,0,0,0,0,0,0,0,0,0,0,0,0,0,0,0,0,0,34.33333333
Ç³·Â,2017,321,1,0,0,0,0,0,0,0,0,0,0,0,0,6.2,7.45,8.9,0.45,0,0,0,0,0,0,0,0,23
Ç³·Â,2017,41,2,0,0,0,0,0,0,0,0,0,0,0,0,0,0,5.483333333,5.533333333,0.825,0,0,0,0,0,0,0,11.84166667
Ç³·Â,2017,414,3,0,0,0,0,0,0,0,0,0,0,0,3,13,3.166666667,0,0,0,0,0,0,0,0,0,0,19.16666667
Ç³·Â,2017,526,4,0,0,0,0,0,0,0,0,0,0,0,2.666666667,21.83333333,9.25,2.25,0,0,0,0,0,0,0,0,0,36
Ç³·Â,2017,911,5,0,0,13.16666667,30,21.6,14.9,0,0,0,0,0,0,0,0,0,0,0,0,0,0,0,0,0,0,79.66666667
Ç³·Â,2017,916,6,0,0,0.25,15,14.75,0,0,0,0,0,0,0,0,0,0,0,0,0,0,0,0,0,0,0,30
Ç³·Â,2017,1013,7,0,0.25,15,15,9.75,0,0,0,0,0,0,0,0,0,0,0,0,0,0,0,0,0,0,0,40
Ç³·Â,2017,1016,8,0,0,10.33333333,20,9.666666667,0,0,0,0,0,0,0,0,0,0,0,0,0,0,0,0,0,0,0,40
Ç³·Â,2017,1021,9,0,0,0,0,0,0,0,0,0,0,0,4.166666667,25,20.83333333,0,0,0,0,0,0,0,0,0,0,50
Ç³·Â,2017,1029,10,0,0,26.28333333,29.76666667,7.35,14.4,18.53333333,9.833333333,37.8,59.45,76.03333333,68.25,50.05,45,33.01666667,22,10.53333333,0,0,0,0,0,0,0,508.3
Ç³·Â,2017,1030,11,0.75,30.8,52.25,57.18333333,45,28.63333333,6.616666667,0,0,0,0,2,25.33333333,7.75,0,0,0,0,0,0,0,0,0,0,256.3166667
Ç³·Â,2017,114,12,0,0,18.33333333,20.16666667,29.5,4.833333333,0,0,0,0,0,0,0,0,0,0,0,0,0,0,0,0,0,0,72.83333333
Ç³·Â,2017,1111,13,0,0,14.43333333,19,19,6.133333333,0,0,0,0,0,1.016666667,16,9.1,0.416666667,0,0,0,0,0,0,0,0,0,85.1
Ç³·Â,2017,1118,14,0,0,4.25,25,18.66666667,0,0,0,0,0,0,0,0,0,0,0,0,0,0,0,0,0,0,0,47.91666667
Ç³·Â,2018,217,1,0,0,0,0,0,0,0,0,0,1.666666667,0,0,0,0,0,0,0,0,0,0,0,0,0,0,1.666666667
Ç³·Â,2018,46,2,0,0,0,0,0,0,0,0,0,0,0,13.16666667,44.16666667,57.16666667,28,0,0,0,0,0,0,0,0,0,142.5
Ç³·Â,2018,47,3,0,0,0,0,0,0,0,0,0,0,2.166666667,2.833333333,4.25,0.75,0,0,0,0,0,0,0,0,0,0,10
Ç³·Â,2018,410,4,0,0,0,0,0,0,0,0,0,0,0,0,13.61666667,25.35,1.866666667,0,0,0,0,0,0,0,0,0,40.83333333
Ç³·Â,2018,415,5,0,0,0,0,0,0,0,0,0,28.33333333,30,30,30,39.91666667,62.5,53.66666667,9.666666667,0,0,0,0,0,0,0,284.0833333
Ç³·Â,2018,53,6,0,0,0,0,0,0,0,0,0,0,0,3.166666667,23.5,3.833333333,0,0,0,0,0,0,0,0,0,0,30.5
Ç³·Â,2018,523,7,0,0,0,0,0,0,0,0,0,0,0,0,12.83333333,0,0,0,0,0,0,0,0,0,0,0,12.83333333
Ç³·Â,2018,827,8,0,0,0,0,0.4,0,0,0,0,0,0,0,0,0,0,0,0,0,0,0,0,0,0,0,0.4
Ç³·Â,2018,921,9,0,0,0,0,0,0,0,0,0,0,0,0,0,0,0,7.166666667,7.833333333,0,0,0,0,0,0,0,15
Ç³·Â,2018,926,10,0,0,0,0,0,0,0,0,0,0,0,0,5.716666667,32.25,22.63333333,0,0,0,0,0,0,0,0,0,60.6
Ç³·Â,2018,930,11,0,0,15.85,23,23,8.033333333,0,0,25,47.16666667,60.56666667,84.83333333,94,78.03333333,56.83333333,38.13333333,5.666666667,0,0,0,0,0,0,0,560.1166667
Ç³·Â,2018,108,12,0,0,0,10.16666667,16.33333333,0,0,0,2.383333333,11,32.61666667,5,0,0,0,0,0,0,0,0,0,0,0,0,77.5
Ç³·Â,2018,1012,13,0,0,0,0,0,0,0,0,0,0,0,0,3.333333333,0,0,0,0,0,0,0,0,0,0,0,3.333333333
Ç³·Â,2018,1122,14,0,0,0,0,0,0,0,0,0,0,0,0,15,0.666666667,0,0,0,0,0,0,0,0,0,0,15.66666667
Ç³·Â,2018,1223,15,0,0,0,0,0,0,0,0,0,0,0,5.833333333,35.73333333,45,21.7,2.383333333,0,0,0,0,0,0,0,0,110.65
Ç³·Â,2019,24,1,0,0,0,0,0,0,0,0,0,0,0,2.466666667,25.86666667,12.9,0,0,0,0,0,0,0,0,0,0,41.23333333
Ç³·Â,2019,313,2,0,0,0,0,0,0,0,0,0,0,0,4.183333333,51.16666667,56.48333333,42.5,14.25,0,0,0,0,0,0,0,0,168.5833333
Ç³·Â,2019,317,3,0,0,0,0,0,0,0,0,0,0,0,2.5,27.23333333,37,42.63333333,13.18333333,0,0,0,0,0,0,0,0,122.55
Ç³·Â,2019,319,4,0,0,0,0,0,0,0,0,0,0,2.333333333,27.7,32.4,7.333333333,0,0,0,0,0,0,0,0,0,0,69.76666667
Ç³·Â,2019,321,5,0,0,0,0,0,0,0,0,0,0,0,0,1.333333333,7.166666667,12.16666667,8.833333333,0,0,0,0,0,0,0,0,29.5
Ç³·Â,2019,322,6,0,0,0,0,0,0,0,0,0,5.333333333,44.33333333,72,100,115,105,91.66666667,40.5,13.75,0,0,0,0,0,0,587.5833333
Ç³·Â,2019,323,7,0,0,0,0,0,0,0,0,0,0,32.45,54.6,55,55.25,66.03333333,15.4,0,0,0,0,0,0,0,0,278.7333333
Ç³·Â,2019,327,8,0,0,0,0,0,0,0,0,0,0,0,10.23333333,40.66666667,47,30.85,5.166666667,0,0,0,0,0,0,0,0,133.9166667
Ç³·Â,2019,330,9,0,0,0,0,0,0,0,0,0,0,0,7.166666667,34.16666667,40,34,11.66666667,0,0,0,0,0,0,0,0,127
Ç³·Â,2019,331,10,0,0,0,0,0,0,0,0,17.83333333,51.53333333,89.83333333,123,132,143,135.1,71.11666667,31.83333333,0,0,0,0,0,0,0,795.25
Ç³·Â,2019,426,11,0,0,0,0,0,0,0,0,0,0,1.333333333,21.5,31.66666667,1.5,0,0,0,0,0,0,0,0,0,0,56
Ç³·Â,2019,51,12,0,0,0,0,0,0,0,0,0,0,0,0,0,0,12.16666667,0,0,0,0,0,0,0,0,0,12.16666667
Ç³·Â,2019,52,13,0,0,0,0,0,0,0,0,0,0,0,0,18.275,7.566666667,0,9.266666667,0,0,0,0,0,0,0,0,35.10833333
Ç³·Â,2019,56,14,0,0,0,0,0,0,0,0,0,0,0,35.11666667,73.33333333,83,83,80.33333333,50.1,12.06666667,0,0,0,0,0,0,416.95
Ç³·Â,2019,518,15,0,2.5,0,0,0,0,0,0,0,0,0,0,0,0,0,0,0,0,0,0,0,0,0,0,2.5
Ç³·Â,2019,520,16,0,0,0,0,0,0,0,0,0,0,0,0,0,2.583333333,40.16666667,89.16666667,63.66666667,40,22.66666667,0,0,0,0,0,258.25
Ç³·Â,2019,521,17,0,0,0,0,0,0,0,0,0,0,0,10.71666667,36,41.5,13.75,0,0,0,0,0,0,0,0,0,101.9666667
Ç³·Â,2019,527,18,0,4.583333333,33.875,34.5,34.5,23,1.4,0,0,0,0,0,0,0,0,0,0,0,0,0,0,0,0,0,131.8583333
Ç³·Â,2019,528,19,0,0,0,0,0,0,0,4.4,30.2,38.1,56.5,93.16666667,105.5,117.25,86.25,48.66666667,26.13333333,0,0,0,0,0,0,0,606.1666667
Ç³·Â,2019,67,20,0,0,0,0,0,0,0,0,0,0,0,24.51666667,43.28333333,23,19.8,11,11,7.15,0,0,0,0,0,0,139.75
Ç³·Â,2019,615,21,0,0,0,0,0,0,0,0,0,10.15,30.16666667,49.3,60,53.5,23.46666667,1.516666667,0,0,0,0,0,0,0,0,228.1
Ç³·Â,2019,918,22,0,0,0,0,0,0,0,0,0,0,0,12.5,0,0,0,0,0,0,0,0,0,0,0,0,12.5
Ç³·Â,2019,919,23,0,0,0,0,0,0,0,0,0,0,0,0.083333333,5,26.83333333,11.05,0,0,0,0,0,0,0,0,0,42.96666667
Ç³·Â,2019,1012,24,0,0,0,0,0,0,0,0,0,0,11.3,11.3,27.53833333,28.71333333,0,0,0,0,0,0,0,0,0,0,78.85166667
Ç³·Â,2019,1014,25,0,0,0,0,0,0,0,0,0,0,0,19.61666667,39,35.75,11.05,0,0,0,0,0,0,0,0,0,105.4166667
Ç³·Â,2019,1015,26,0,7,11.5,8.833333333,0,0,0,0,0,0,0,0,0,0,0,0,0,0,0,0,0,0,0,0,27.33333333
Ç³·Â,2019,1019,27,0,0,0,0,0,0,0,0,0,0,0,11.48333333,38.8,37.78333333,12.33666667,0,0,0,0,0,0,0,0,0,100.4033333
Ç³·Â,2019,1026,28,0,0,0,0,0,0,0,0,25.85,59.7,91.25,110.6166667,147,156,64.91666667,0,0,0,0,0,0,0,0,0,655.3333333
Ç³·Â,2019,1027,29,0,0,0,0,0,0,0,0,0,12.84166667,39.5,49.63333333,65.96666667,31.9,0,0,0,0,0,0,0,0,0,0,199.8416667
Ç³·Â,2019,118,30,0,0,0,0,0,0,0,0,0,3.933333333,32.7,67.13333333,79,73.13333333,54.4,30.11666667,1.65,0,0,0,0,0,0,0,342.0666667
Ç³·Â,2019,119,31,0,0,0,0,0,0,0,0,0,36.53833333,69.23333333,101.5666667,101.9,91.77333333,26.35,0,0,0,0,0,0,0,0,0,427.3616667
Ç³·Â,2019,1111,32,0,0,0,0,0,0,0,0,0,0,0,0,16.05666667,17.78333333,16.7,3.506666667,0,0,0,0,0,0,0,0,54.04666667
Ç³·Â,2019,1114,33,0,14.25,15,15,2.75,0,0,0,3.4,14.26666667,11.66666667,36.08333333,98.66666667,99,71.08333333,0,0,0,0,0,0,0,0,0,381.1666667
Ç³·Â,2019,1117,34,0,0,0,0,0,0,0,0,0,5.7,53.875,103.525,91.31666667,69.74666667,24.04166667,0,0,0,0,0,0,0,0,0,348.205
Ç³·Â,2019,1119,35,0,0,0,0,0,0,0,0,0,0,0,0,0,6.833333333,29.16666667,30,16.66666667,0,0,0,0,0,0,0,82.66666667
Ç³·Â,2019,1125,36,4.333333333,24,25,25,25,25,2.416666667,0,0,0,0,0,0,0,0,0,0,0,0,0,0,0,0,0,130.75
Ç³·Â,2019,1128,37,0,0,0,0,0,0,0,0,0,0,0,11.73666667,46.49166667,47.55333333,0,0,0,0,0,0,0,0,0,0,105.7816667
Ç³·Â,2019,1129,38,0,0,0,0,0,0,0,0,0,0,0.4,26.98333333,57.75,51,40.33333333,23.2,0,0,0,0,0,0,0,0,199.6666667
Ç³·Â,2019,1202,39,0,0,0,0,0,0,0,0,0,0,0,0,14.9,26.3,8.5,0,0,0,0,0,0,0,0,0,49.7
Ç³·Â,2019,1205,40,0,0,0,0,0,0,0,0,0,0,0,0,0,4.833333333,2.933333333,0,0,0,0,0,0,0,0,0,7.766666667
Ç³·Â,2019,1207,41,0,0,0,0,0,0,0,0,0,0,0,23.81666667,79.3,108.1666667,35.88333333,0,0,0,0,0,0,0,0,0,247.1666667
Ç³·Â,2019,1212,42,0,0,16.425,30.64166667,45.75,43.55833333,3.116666667,0,0,0,0,0.166666667,24,25,24.08333333,2.166666667,0,0,0,0,0,0,0,0,214.9083333
Ç³·Â,2019,1214,43,0,0,0,0,0,0,0,0,0,0,0,19.55,83.7,74.03333333,53.58333333,0.616666667,0,0,0,0,0,0,0,0,231.4833333
Ç³·Â,2019,1217,44,0,0,0,0,0,0,0,0,0,0,0,0,0,0,0,0,11.91666667,9.016666667,0,0,0,0,0,0,20.93333333
Ç³·Â,2019,1218,45,39.45,69,81.13333333,83,78.01666667,60.43333333,24.8,0.933333333,0,0,0,60.26666667,102.5,89.38333333,70.19166667,19.3,0,0,0,0,0,0,0,0,778.4083333
Ç³·Â,2019,1219,46,0,0,0,0,0,0,0,0,0,0,0,0,22.33333333,13.5,0,0,0,0,0,0,0,0,0,0,35.83333333
Ç³·Â,2020,101,1,0,0,0,0,0,0,0,0,0,0,0,9,27.06666667,7.333333333,0,0,0,0,0,0,0,0,0,0,43.4
Ç³·Â,2020,104,2,0,0,0,0,0,0,0,0,0,0,0,0,22.18333333,46,37.18333333,11.88333333,0,0,0,0,0,0,0,0,117.25
Ç³·Â,2020,112,3,0,0,0,0,0,0,0,0,0,0,0,0,11.66666667,0,1.666666667,0,0,0,0,0,0,0,0,0,13.33333333
Ç³·Â,2020,117,4,0,0,0,0,0,0,0,0,0,0,0,2.333333333,20,20,1.333333333,0,0,0,0,0,0,0,0,0,43.66666667
Ç³·Â,2020,118,5,0,0,0,0,0,0,0,0,0,0,9.558333333,28.3,62.75,65.5,18.625,0,0,0,0,0,0,0,0,0,184.7333333
Ç³·Â,2020,120,6,0,0,0,0,0,0,0,0,0,0,0,3.166666667,20,16.5,0,0,0,0,0,0,0,0,0,0,39.66666667
Ç³·Â,2020,205,7,0,0,0,0,0,0,0,0,0,0,0,0,20.91666667,25,15.41666667,0,0,0,0,0,0,0,0,0,61.33333333
Ç³·Â,2020,218,8,0,0,0,0,0,0,0,0,0,0,0,0,10.46666667,55.28333333,54,24.46666667,0,0,0,0,0,0,0,0,144.2166667
Ç³·Â,2020,221,9,0,0,0,0,0,0,0,0,0,0,0,22.80166667,45.8,5.605,0,0,0,0,0,0,0,0,0,0,74.20666667
Ç³·Â,2020,222,10,0,0,0,0,0,7.513333333,13.4,0,0,16.14666667,36.8,70.83333333,97.9,97.9,41.40333333,4.45,0,0,0,0,0,0,0,0,386.3466667
Ç³·Â,2020,224,11,0,0,0,0,0,0,0,0,0,0,0,0,7.7,2.216666667,7.166666667,2.833333333,0,0,0,0,0,0,0,0,19.91666667
Ç³·Â,2020,302,12,0,0,0,0,0,0,0,0,0,47.73333333,67,125.2833333,153,151.6166667,115.4166667,78.98333333,15.98333333,0,0,0,0,0,0,0,755.0166667
Ç³·Â,2020,304,13,0,0,0,0,0,0,0,0,0,0,25.35833333,85.2,112.15,128.4833333,103.85,58.5,27.60833333,0,0,0,0,0,0,0,541.15
Ç³·Â,2020,305,14,0,0,0,0,0,0,0,0,0,0,0,52.13333333,90.71666667,109,104,62,4.15,0,0,0,0,0,0,0,422
Ç³·Â,2020,311,15,0,0,0,0,0,0,0,0,0.324,8.573333333,39.22,71.47833333,93.73666667,102.52,102.52,88.92,52.72133333,0,0,0,0,0,0,0,560.0136667
Ç³·Â,2020,314,16,0,0,0,0,0,0,0,0,0,0,10.65,89.9,144.75,162.3666667,164,136.85,33.28333333,0,0,0,0,0,0,0,741.8
Ç³·Â,2020,315,17,0,0,0,0,0,0,0,0,0,3,47.53333333,104.3333333,113,102.0666667,97,80.68333333,17.36666667,0,0,0,0,0,0,0,564.9833333
Ç³·Â,2020,319,18,0,0,0,0,0,0,0,0,0,0,16.26,3.188333333,19.7,128.15,168.2,153.7,71.48333333,1.4,0,0,0,0,0,0,562.0816667
Ç³·Â,2020,321,19,0,0,0,0,0,0,0,0,0,0,0,0,0,4,0,0,0,0,0,0,0,0,0,0,4
Ç³·Â,2020,325,20,0,0,0,0,0,0,0,0,0,0,0,0.083333333,19.93333333,21,12.4,0,0,0,0,0,0,0,0,0,53.41666667
Ç³·Â,2020,401,21,0,0,0,0,0,0,0,0,0,0,3.333333333,22.96,76.78333333,84.45,64.96666667,35.88,6.8,0,0,0,0,0,0,0,295.1733333
Ç³·Â,2020,404,22,0,0,0,0,0,0,0,0,0,2.4,46.45,100.4,104,104,96.33333333,58.05,14.75,0,0,0,0,0,0,0,526.3833333
Ç³·Â,2020,405,23,0,0,0,0,0,0,0,0,7.631666667,66.43,99,131.57,136.4,136.4,136.19,103.675,17.30666667,0,0,0,0,0,0,0,834.6033333
Ç³·Â,2020,409,24,0,0,0,0,0,0,0,0,0,0,0,0,2.4,0.933333333,0,0,0,0,0,0,0,0,0,0,3.333333333
Ç³·Â,2020,412,25,0,0,0,0,0,0,0,0,0,0,0,0,4.266666667,9.866666667,0,0,0,0,0,0,0,0,0,0,14.13333333
Ç³·Â,2020,413,26,0,0,0,0,0,0,0,0,0,1.9,33.895,104.0766667,126.2,110,87.96833333,35.35333333,1.866666667,0,0,0,0,0,0,0,501.26
Ç³·Â,2020,418,27,0,0,0,0,0,0,0,0,0,2.266666667,2.55,0,15.63333333,19,11,1.8,0,0,0,0,0,0,0,0,52.25
Ç³·Â,2020,420,28,0,0,0,0,0,0,0,0,0,0,0,0,6.716666667,25.06666667,0.666666667,0,0,0,0,0,0,0,0,0,32.45
Ç³·Â,2020,421,29,0,0,0,0,0,0,0,0,0,0,0,91.595,159.1483333,144.7,118.385,85.48,38.005,0.5,0,0,0,0,0,0,637.8133333
Ç³·Â,2020,422,30,0,0,0,0,0,0,0,0,0,49,80.55,134.95,154.8666667,152.8666667,131.9333333,106.2666667,36.66666667,0,0,0,0,0,0,0,847.1
Ç³·Â,2020,423,31,0,0,0,0,0,0,0,0,0.2,12,38.87166667,87.36666667,153.9,160.9,152.625,97.2,14.30333333,0,0,0,0,0,0,0,717.3666667
Ç³·Â,2020,424,32,0,0,0,0,0,0,0,0,0,0,0,0,10.65,19,15.68333333,0,0,0,0,0,0,0,0,0,45.33333333
Ç³·Â,2020,425,33,0,0,0,0,0,0,0,0,22.5,88.88333333,128.3333333,161.4583333,163.5,163.4583333,152.1666667,107.3666667,61.58333333,10.26666667,0,0,0,0,0,0,1059.516667
Ç³·Â,2020,426,34,0,0,0,0,0,0,0,0,19.1,63.48333333,102.3166667,118,118,118,111.55,11.9,0,0,0,0,0,0,0,0,662.35
Ç³·Â,2020,427,35,0,0,0,0,0,0,0,0,0,0,0,0,17.535,16.93333333,0.733333333,0,0,0,0,0,0,0,0,0,35.20166667
Ç³·Â,2020,430,36,0,0,0,0,0,0,0,0,0,0.433333333,18.105,54.56666667,65.3,52.71833333,20.35,5.333333333,0,0,0,0,0,0,0,0,216.8066667
Ç³·Â,2020,501,37,0,0,0,0,0,0,0,0,0,0,0,12.93333333,23.56,36,13.24666667,0,0,0,0,0,0,0,0,0,85.74
Ç³·Â,2020,506,38,0,0,0,0,0,0,0,0,0,0,0,0,14.16666667,13.11666667,0,0,0,0,0,0,0,0,0,0,27.28333333
Ç³·Â,2020,507,39,0,0,0,0,0,0,0,0,0,0,2.166666667,55.83333333,83.66666667,80.33333333,72.33333333,15.86666667,0,0,0,0,0,0,0,0,310.2
Ç³·Â,2020,508,40,0,0,0,0,0,0,0,0,0,0,0,5.95,64.43333333,97.66666667,99.83333333,34.13333333,4.633333333,0,0,0,0,0,0,0,306.65
Ç³·Â,2020,509,41,0,11.08333333,29,29,29,29,14.01666667,0,0,0,0,0,0,0,0,0,0,0,0,0,0,0,0,0,141.1
Ç³·Â,2020,512,42,0,0,0,0,0,0,0,0,0,0,0,0,19.5,29.53333333,26.66666667,6.066666667,0,0,0,0,0,0,0,0,81.76666667
Ç³·Â,2020,519,43,0,0,0,0,0,0,0,0,0,25.46666667,55.53333333,88.4,77.75,98.35,101.15,65.68333333,10.56666667,0,0,0,0,0,0,0,522.9
Ç³·Â,2020,630,44,0,0,0,0,0,0,0,0,0,0,2.166666667,16.04333333,32.36666667,39.7,28.35333333,0,0,0,0,0,0,0,0,0,118.63
Ç³·Â,2020,701,45,0,0,0,0,0,0,0,0,0,0,0,0,4.2,4.8,0,0,0,0,0,0,0,0,0,0,9
Ç³·Â,2020,907,46,0,0,0,0,0,0,0,0,0,0,0,0,0,11.86666667,19,2.1,0,0,0,0,0,0,0,0,32.96666667
Ç³·Â,2020,922,47,0,0,0,0,0,0,0,0,0,0,0,0,21.66666667,57.91666667,10.58333333,0,0,0,0,0,0,0,0,0,90.16666667
Ç³·Â,2020,927,48,0,0,0,0,0,0,0,0,0,0,10.12166667,19.695,22.8,17.23166667,0.566666667,0,0,0,0,0,0,0,0,0,70.415
Ç³·Â,2020,1005,49,0,0,0,0,0,0,0,0,0,26.06666667,84.5,103.3666667,118.2,118.75,87.13333333,41.43333333,0,0,0,0,0,0,0,0,579.45
Ç³·Â,2020,1006,50,0,0,0,0,0,0,0,0,0,0,0,0,5.833333333,2.566666667,0,0,0,0,0,0,0,0,0,0,8.4
Ç³·Â,2020,1007,51,0,0,0,0,0,0,0,0,0,0,0,5.47,19.79,4.99,6.5,0,0,0,0,0,0,0,0,0,36.75
Ç³·Â,2020,1008,52,0,0,0,0,0,0,0,0,0,0,15.9,50.85,85.2,100.0666667,47.36666667,14.66666667,0,0,0,0,0,0,0,0,314.05
Ç³·Â,2020,1013,53,0,0,0,0,0,0,0,0,0,0,4.4,46.33333333,78.31666667,71.4,28.33333333,2.6,0,0,0,0,0,0,0,0,231.3833333
Ç³·Â,2020,1014,54,0,0,0,0,0,0,0,0,0,0,0,0,3,4.5,0,0,0,0,0,0,0,0,0,0,7.5
Ç³·Â,2020,1017,55,0,0,0,0,0,0,0,0,0,0,0,1.466666667,4,2.6,0,0,0,0,0,0,0,0,0,0,8.066666667
Ç³·Â,2020,1023,56,0,0,17.66666667,20,8,0,0,0,0,31.45,104.9166667,122,123.2833333,114.7666667,72.61666667,33.01666667,20.7,0,0,9.416666667,20.41666667,0,0,0,698.25
Ç³·Â,2020,1024,57,0,0,0,0,0,0,0,0,0,48.38333333,101.1833333,133.95,154.2166667,150.8,129,81.48333333,18.4,0,0,0,0,0,0,0,817.4166667
Ç³·Â,2020,1025,58,0,0,0,0,0,0,0,0,0,0,0,24.55,60.81166667,70.65,46.36666667,0,0,0,0,0,0,0,0,0,202.3783333
Ç³·Â,2020,1029,59,0,0,0,0,0,0,0,0,0,4.253333333,38.7,57.89166667,38.63333333,0,0,0,0,0,0,0,0,0,0,0,139.4783333
Ç³·Â,2020,1030,60,0,0,0,0,0,0,0,0,0,0,0,0.31,7.4,3.436666667,0,0,0,0,0,0,0,0,0,0,11.14666667
Ç³·Â,2020,1101,61,0,0,0,0,0,0,0,0,0,0,0.875,10.7,12,9.8,0,0,0,0,0,0,0,0,0,0,33.375
Ç³·Â,2020,1103,62,0,0,0,0,0,0,0,0,0,1.183333333,64.73333333,141.0166667,157.2,146.8166667,115.2833333,53.56166667,4.585,0,0,0,0,0,0,0,684.38
Ç³·Â,2020,1104,63,0,0,0,0,0,0,0,0,0,1.728333333,11.65,54.1,69.16333333,53,10.90666667,0,0,0,0,0,0,0,0,0,200.5483333
Ç³·Â,2020,1108,64,0,0,0,0,0,0,0,0,0,8.416666667,51.66,84.95333333,91.9,93.9,49.155,9.55,0,0,0,0,0,0,0,0,389.535
Ç³·Â,2020,1109,65,0,0,0,0,0,0,0,0,0,0,0,9.375,19.15,19,0,0,0,0,0,0,0,0,0,0,47.525
Ç³·Â,2020,1113,66,0,0,0,0,0,0,0,0,0,0,0,0,30.33333333,1.666666667,0,0,0,0,0,0,0,0,0,0,32
Ç³·Â,2020,1118,67,0,0,0,0,0,0,0,0,0,0,31.04,43.8,10.54666667,0,0,0,0,0,0,0,0,0,0,0,85.38666667
Ç³·Â,2020,1120,68,0,0,0,0,0,0,0,0,0,0,14.51666667,61.38333333,107.2833333,49.95,8.483333333,0,0,0,0,0,0,0,0,0,241.6166667
Ç³·Â,2020,1123,69,0,0,0,0,0,0,0,0,0,0,0,0.471666667,18.8,3.945,0,0,0,0,0,0,0,0,0,0,23.21666667
Ç³·Â,2020,1124,70,0,0,0,0,0,0,0,0,0,2.45,0,0,31.44166667,30.5,22.95833333,0,0,0,0,0,0,0,0,0,87.35
Ç³·Â,2020,1125,71,0,0,0,0,7.35,0,0,0,0,31.89333333,60.4,63.88333333,71.4,69.45,53.35,22.7,0,0,0,0,0,0,0,0,380.4266667
Ç³·Â,2020,1206,72,0,0,0,0,0,0,0,0,0,0,0,5.533333333,6.2,3.975,8.033333333,0,0,0,0,0,0,0,0,0,23.74166667
Ç³·Â,2020,1212,73,0,0,0,0,0,0,0,0,0,0,0,27.95,79.16333333,63.52333333,5.588333333,0,0,0,0,0,0,0,0,0,176.225
Ç³·Â,2020,1213,74,0,0,0,0,0,0,0,0,0,0,0,0,0,5.666666667,7.956666667,0,0,0,0,0,0,0,0,0,13.62333333
Ç³·Â,2020,1219,75,0,0,0,0,0,0,0,0,0,0,2.191666667,62.06666667,81.36666667,86.3,57.53333333,6.07,0,0,0,0,0,0,0,0,295.5283333
Ç³·Â,2020,1224,76,0,0,0,0,0,0,0,0,0,0,0,0,1.44,14.4,6,0,0,0,0,0,0,0,0,0,21.84
Ç³·Â,2020,1225,77,0,0,0,0,0,0,0,0,0,0,0,12.17,22.8,13.32,0,0,0,0,0,0,0,0,0,0,48.29
Ç³·Â,2021,113,1,0,0,0,0,0,0,0,0,0,0,0,0,12.46666667,28,24.7,0,0,0,0,0,0,0,0,0,65.16666667
Ç³·Â,2021,116,2,0,0,0,0,0,0,0,0,0,0,0,0,4.166666667,17.58333333,0,0,0,0,0,0,0,0,0,0,21.75
Ç³·Â,2021,118,3,0,0,0,0,0,0,0,0,0,0,0,0,0,21.46666667,25.2,0,0,0,0,0,0,0,0,0,46.66666667
Ç³·Â,2021,119,4,0,0,0,0,0,0,0,0,0,0,0,0,12.99166667,22.475,0.633333333,0,0,0,0,0,0,0,0,0,36.1
Ç³·Â,2021,124,5,0,0,0,0,0,0,0,0,0,0,0,2.716666667,31.1,43.15,17.86666667,2.833333333,0,0,0,0,0,0,0,0,97.66666667
Ç³·Â,2021,127,6,0,0,0,0,0,0,0,0,0,0,0,0.195,0.3,3.913333333,3.803333333,0,0,0,0,0,0,0,0,0,8.211666667
Ç³·Â,2021,128,7,0,0,0,0,0,0,0,0,0,0,3.25,41.35,31.95833333,0,0,0,0,0,0,0,0,0,0,0,76.55833333
Ç³·Â,2021,129,8,0,0,0,0,0,0,0,0,0,0,0,0,0,45.34166667,26.18333333,0,0,0,0,0,0,0,0,0,71.525
Ç³·Â,2021,131,9,0,0,0,0,0,0,0,0,0,0,0,0,0,0.38,0.46,0,0,0,0,0,0,0,0,0,0.84
Ç³·Â,2021,202,10,0,0,0,0,0,0,0,0,0,0,0,28.75833333,62.82333333,77.74666667,32.95333333,0,0,0,0,0,0,0,0,0,202.2816667
Ç³·Â,2021,204,11,0,0,0,0,0,0,0,0,0,0,0,3.358333333,32.52166667,32.8,13.43,0,0,0,0,0,0,0,0,0,82.11
Ç³·Â,2021,208,12,0,0,0,0,0,0,0,0,0,0,6.738333333,87.24833333,143.385,149,148.9183333,91.76333333,19.64833333,0,0,0,0,0,0,0,646.7016667
Ç³·Â,2021,209,13,0,0,0,0,0,0,0,0,0,0,0,0.575,15.56666667,24.5,24.15,3.133333333,0,0,0,0,0,0,0,0,67.925
Ç³·Â,2021,213,14,0,0,0,0,0,0,0,0,0,0,0,0,0,0.983333333,6.433333333,0.9,0,0,0,0,0,0,0,0,8.316666667
Ç³·Â,2021,215,15,0,0,0,0,0,0,0,0,0,0,0,0,0,4.125,27.5,13.41666667,0,0,0,0,0,0,0,0,45.04166667
Ç³·Â,2021,220,16,0,0,0,0,0,0,0,0,0,0,0.036666667,40.49166667,72.93333333,88.16666667,74.68333333,8.55,0,0,0,0,0,0,0,0,284.8616667
Ç³·Â,2021,221,17,0,0,0,0,0,0,0,0,0,0,21.50666667,55.705,59,59,59,36.16333333,4.46,0,0,0,0,0,0,0,294.835
Ç³·Â,2021,222,18,0,0,0,0,0,0,0,0,0,0,0,13.82166667,43.54333333,39.89666667,1.121666667,0,0,0,0,0,0,0,0,0,98.38333333
Ç³·Â,2021,223,19,0,0,0,0,0,0,0,0,0,2.056666667,32.65166667,61.7,92.5,92.5,42.93333333,0,0,0,0,0,0,0,0,0,324.3416667
Ç³·Â,2021,302,20,0,0,0,0,0,0,0,0,0,0,0,29.35833333,72.8,67.8,53.5,25.44166667,0,0,0,0,0,0,0,0,248.9
Ç³·Â,2021,314,21,0,0,0,0,0,0,0,0,0,0,3.421666667,26.11333333,26.4,26.4,25.35833333,0.393333333,0,0,0,0,0,0,0,0,108.0866667
Ç³·Â,2021,315,22,0,0,0,0,0,0,0,0,0,0,0,0,12.56833333,18.10166667,0,0,0,0,0,0,0,0,0,0,30.67
Ç³·Â,2021,316,23,0,0,0,0,0,0,0,0,0,0,0,0,29.685,58.52333333,4.166666667,11.335,0,0,0,0,0,0,0,0,103.71
Ç³·Â,2021,317,24,0,0,0,0,0,0,0,0,0,0,0,0,12.57,2.58,0,0,0,0,0,0,0,0,0,0,15.15
Ç³·Â,2021,321,25,0,0,0,0,0,0,0,0,0,58.05833333,114.5716667,149.805,155.7683333,145.6416667,145.4083333,79.875,6.666666667,0,0,0,0,0,0,0,855.795
Ç³·Â,2021,322,26,0,0,0,0,0,0,0,0,0,0,39.45333333,101.125,136.2,137.7,104.55,66.4,4.376666667,0,0,0,0,0,0,0,589.805
Ç³·Â,2021,323,27,0,0,0,0,0,0,0,0,0,0,0,0,3.256666667,9.633333333,1.445,0,0,0,0,0,0,0,0,0,14.335
Ç³·Â,2021,326,28,0,0,0,0,0,0,0,0,0,0,0,0,3.188333333,3.885,0,0,0,0,0,0,0,0,0,0,7.073333333
Ç³·Â,2021,328,29,0,0,0,0,0,0,0,0,0,0,0,0,14.28833333,33.575,17.02666667,0,0,0,0,0,0,0,0,0,64.89
Ç³·Â,2021,330,30,0,0,0,0,0,0,0,0,0,0,3.225,27.65833333,26.5,26.5,17.86666667,0,0,0,0,0,0,0,0,0,101.75
Ç³·Â,2021,404,31,0,0,0,0,0,0,0,0,0,0,0,0,6.213333333,30.525,8.425,0,0,0,0,0,0,0,0,0,45.16333333
Ç³·Â,2021,405,32,0,0,0,0,0,0,0,0,0,0,0,32.52166667,66.7,66.7,55.81333333,14.955,0,0,0,0,0,0,0,0,236.69
Ç³·Â,2021,406,33,0,0,0,0,0,0,0,0,0,0,0,9.261666667,19.7,19.7,9.15,0,0,0,0,0,0,0,0,0,57.81166667
Ç³·Â,2021,407,34,0,0,0,0,0,0,0,0,0,0,1.866666667,4.933333333,6.8,2.086666667,0,0,0,0,0,0,0,0,0,0,15.68666667
Ç³·Â,2021,408,35,0,0,0,0,0,0,0,0,0,0,0,25.18166667,71.80666667,75.385,73.215,42.20833333,7.043333333,0,0,0,0,0,0,0,294.84
Ç³·Â,2021,410,36,0,0,0,0,0,0,0,0,0,0,26.825,62.49166667,59.35833333,35.6,51.43333333,17.6,0,0,0,0,0,0,0,0,253.3083333
Ç³·Â,2021,411,37,0,0,0,0,0,0,0,0,0,0,37.43166667,56.3,56.3,56.70333333,56.94166667,38.39833333,0,0,0,0,0,0,0,0,302.075
Ç³·Â,2021,413,38,0,0,0,0,0,0,0,0,0,0,0,0,3.005,26.6,3.595,0,0,0,0,0,0,0,0,0,33.2
Ç³·Â,2021,414,39,0,0,0,0,0,0,0,0,0,0,2.158333333,93.965,113.9266667,94.67333333,45.13333333,0.283333333,0,0,0,0,0,0,0,0,350.14
Ç³·Â,2021,417,40,0,0,0,0,0,0,0,0,0,0,32.19166667,140.8266667,149.2,149.2,107.725,77.28333333,25.75833333,0,0,0,0,0,0,0,682.185
Ç³·Â,2021,418,41,0,0,0,0,0,0,0,0,14.26333333,91.90166667,143.7466667,161.9,161.9,161.9,149.3666667,90.72666667,3.365,0,0,0,0,0,0,0,979.07
Ç³·Â,2021,419,42,0,0,0,0,0,0,0,0,0,0,0,0,5.333333333,11.99166667,0,0,0,0,0,0,0,0,0,0,17.325
Ç³·Â,2021,423,43,0,0,0,0,0,0,0,0,0,0,0,25.59166667,92.275,41.76666667,0,0,0,0,0,0,0,0,0,0,159.6333333
Ç³·Â,2021,425,44,0,0,0,0,0,0,0,0,0,0,0,9.945,42.89666667,43.49166667,11.61333333,0,0,0,0,0,0,0,0,0,107.9466667
Ç³·Â,2021,426,45,0,0,0,0,0,0,0,0,0,0,0,0.291666667,15.50166667,14.43333333,1.443333333,0,0,0,0,0,0,0,0,0,31.67
Ç³·Â,2021,430,46,0,0,0,0,0,0,0,0,0,0,0,5.938333333,19.18166667,0.831666667,0,0,0,0,0,0,0,0,0,0,25.95166667
Ç³·Â,2021,501,47,0,0,0,0,0,0,0,0,0,0,2.933333333,70.18333333,133.35,107.7083333,36,50.15,29.76666667,0,0,0,0,0,0,0,430.0916667
Ç³·Â,2021,502,48,0,0,0,0,0,0,0,0.383333333,32.26666667,76.08333333,151.15,158.5,158.425,154,154,100.4666667,13.8,0,0,0,0,0,0,0,999.075
Ç³·Â,2021,505,49,0,0,0,0,0,0,0,0,0,7.88,37.04333333,71.36666667,80.8,80.8,72.4,13.975,0,0,0,0,0,0,0,0,364.265
Ç³·Â,2021,508,50,0,0,0,0,0,0,0,0,0,0,0,0,0,5.488333333,0,3.23,0,0,0,0,0,0,0,0,8.718333333
Ç³·Â,2021,512,51,0,0,0,0,0,0,0,0,0,0,0,0,3.285,15.435,0.81,0,0,0,0,0,0,0,0,0,19.53
Ç³·Â,2021,521,52,0,0,0,0,0,0,0,0,0,16.72,35.5,5.846666667,0,0,0,0,0,0,0,0,0,0,0,0,58.06666667
Ç³·Â,2021,525,53,0,0,0,0,0,0,0,0,0,0,0,16.23333333,68.35,95,48.58333333,0,0,0,0,0,0,0,0,0,228.1666667
Ç³·Â,2021,527,54,0,0,0,0,0,0,0,0,0,0,0,0,0,12.43,27.525,0.05,0,0,0,0,0,0,0,0,40.005
Ç³·Â,2021,530,55,0,0,0,0,0,0,0,0,0,0,0,0,0.505,10.1,3.381666667,0,0,0,0,0,0,0,0,0,13.98666667
Ç³·Â,2021,1003,56,0,0,0,0,0,0,0,0,0,0,0,12.17333333,14.11,0,0,0,0,0,0,0,0,0,0,0,26.28333333
Ç³·Â,2021,1017,57,0,0,0,0,0,0,0,2.38,72.34583333,136.535,148.75,148.75,148.75,148.75,135.9341667,49.17,1.963333333,0,0,0,0,0,0,0,993.3283333
Ç³·Â,2021,1019,58,0,0,0,0,0,0,0,0,0,0,28.69666667,69.165,76.94,32.64166667,13.17666667,0,0,0,0,0,0,0,0,0,220.62
Ç³·Â,2021,1021,59,0,0,0,0,0,0,0,0,0,0,0,0,28.77333333,4.733333333,0,0,0,0,0,0,0,0,0,0,33.50666667
Ç³·Â,2021,1022,60,0,0,0,0,0,0,0,0,0,0,0,9.296666667,61.4,48.4,17.16666667,0,0,0,0,0,0,0,0,0,136.2633333
Ç³·Â,2021,1023,61,0,0,0,0,0,0,0,0,0,0,0,11.95,15.97333333,15.95,6.15,0.58,0,0,0,0,0,0,0,0,50.60333333
Ç³·Â,2021,1031,62,0,0,0,0,0,0,0,0,0,0,2.913333333,8.52,17.29666667,8.388333333,0,0,0,0,0,0,0,0,0,0,37.11833333
Ç³·Â,2021,1103,63,0,0,0,0,0,0,0,0,0,0,0,13.03,48.6,10.33666667,0,0,0,0,0,0,0,0,0,0,71.96666667
Ç³·Â,2021,1203,64,0,0,0,0,0,0,0,0,0,0,0,6.646666667,36.13833333,28.36666667,0.898333333,0,0,0,0,0,0,0,0,0,72.05
Ç³·Â,2022,116,1,0,0,0,0,0,0,0,0,0,0,0,0,11.14166667,55.88333333,56.335,8.996666667,0,0,0,0,0,0,0,0,132.3566667
Ç³·Â,2022,128,2,0,0,0,0,0,0,0,0,0,0,0,24.43,60.8,61.745,18.23333333,0,0,0,0,0,0,0,0,0,165.2083333
Ç³·Â,2022,129,3,0,0,0,0,0,0,0,0,0,0,0,0,0,5.535,6.345,0,0,0,0,0,0,0,0,0,11.88
Ç³·Â,2022,130,4,0,0,0,0,0,0,0,0,0,0,0.97,2.438333333,0.016666667,33.30333333,0.62,0,0,0,0,0,0,0,0,0,37.34833333
Ç³·Â,2022,131,5,0,0,0,0,0,0,0,0,0,0,0,11.22,60.63333333,75.14,17.92,0,0,0,0,0,0,0,0,0,164.9133333
Ç³·Â,2022,201,6,0,0,0,0,0,0,0,0,0,0,0,0,21.66666667,32.5,32.42333333,6.476666667,0,0,0,0,0,0,0,0,93.06666667
Ç³·Â,2022,203,7,0,0,0,0,0,0,0,0,0,0,0,0,62.49333333,17.53166667,0,0,0,0,0,0,0,0,0,0,80.025
Ç³·Â,2022,210,8,0,0,0,0,0,0,0,0,0,0,0,0,35.22,2.991666667,0,0,0,0,0,0,0,0,0,0,38.21166667
Ç³·Â,2022,215,9,0,0,0,0,0,0,0,0,0,0,1.811666667,59.62666667,57.32666667,63.42833333,0,0,0,0,0,0,0,0,0,0,182.1933333
Ç³·Â,2022,223,10,0,0,0,0,0,0,0,0,0,0,0,0,0,16.79,6.57,0,0,0,0,0,0,0,0,0,23.36
Ç³·Â,2022,227,11,0,0,0,0,0,0,0,0,0,0,0,11.75333333,41.2,41.2,37.67833333,4.866666667,0,0,0,0,0,0,0,0,136.6983333
Ç³·Â,2022,302,12,0,0,0,0,0,0,0,0,0,0,0,0,22.58833333,36.1,36.1,13.97333333,0,0,0,0,0,0,0,0,108.7616667
Ç³·Â,2022,304,13,0,0,0,0,0,0,0,0,0,0,0,0,0.616666667,2.296666667,0,0,0,0,0,0,0,0,0,0,2.913333333
Ç³·Â,2022,305,14,0,0,0,0,0,0,0,0,0,0,26.89,101.915,147.9,166.4666667,132.41,67.75,6.576666667,0,0,0,0,0,0,0,649.9083333
Ç³·Â,2022,306,15,0,0,0,0,0,0,0,0,0,62.34166667,134.4,134.4,130.275,129.9,119.9416667,48.735,0,0,0,0,0,0,0,0,759.9933333
Ç³·Â,2022,309,16,0,0,0,0,0,0,0,0,0,0,0,0,8.8,12.74166667,0,0,0,0,0,0,0,0,0,0,21.54166667
Ç³·Â,2022,310,17,0,0,0,0,0,0,0,0,0,0,0,0,7.828333333,15.92833333,0.366666667,0,0,0,0,0,0,0,0,0,24.12333333
Ç³·Â,2022,312,18,0,0,0,0,0,0,0,0,0,0,5.475,66.24,98.28666667,98.8,72.30833333,20.06166667,0,0,0,0,0,0,0,0,361.1716667
Ç³·Â,2022,326,19,0,0,0,0,0,0,0,0,0,0,0,0,15.34833333,22.22,0,0,0,0,0,0,0,0,0,0,37.56833333
Ç³·Â,2022,327,20,0,0,0,0,0,0,0,0,0,0,73.00166667,79.7,79.7,79.7,79.7,56.44666667,10.33166667,0,0,0,0,0,0,0,458.58
Ç³·Â,2022,329,21,0,0,0,0,0,0,0,0,0,0,0,0,6.141666667,6.7,3.238333333,0,0,0,0,0,0,0,0,0,16.08
Ç³·Â,2022,403,22,0,0,0,0,0,0,0,0,0,0,3.706666667,25.32666667,26.5,26.5,19.47666667,0,0,0,0,0,0,0,0,0,101.51
Ç³·Â,2022,407,23,0,0,0,0,0,0,0,0,0,0,0,0.65,36.65666667,37.21166667,4.676666667,0,0,0,0,0,0,0,0,0,79.195
Ç³·Â,2022,409,24,0,0,0,0,0,0,0,0,0,17.26166667,46.1,46.1,46.1,46.1,46.1,46.1,12.70166667,0,0,0,0,0,0,0,306.5633333
Ç³·Â,2022,410,25,0,0,0,0,0,0,0,0,25.99333333,77.58333333,84.46333333,97.7,97.7,97.7,96.05,22.025,0,0,0,0,0,0,0,0,599.215
Ç³·Â,2022,412,26,0,0,0,0,0,0,0,0,0,0,0,3.903333333,15,1.508333333,0,0,0,0,0,0,0,0,0,0,20.41166667
Ç³·Â,2022,415,27,0,0,0,0,0,0,0,0,0,0,0,38.56666667,82.7,82.7,69.515,26.325,0,0,0,0,0,0,0,0,299.8066667
Ç³·Â,2022,416,28,0,0,0,0,0,0,0,0,0,0.386666667,21.14666667,21.5,21.5,21.5,21.5,9.105,0,0,0,0,0,0,0,0,116.6383333
Ç³·Â,2022,417,29,0,0,0,0,0,0,0,0,11.82666667,59.015,61.5,61.5,61.5,61.5,61.5,49.34333333,5.875,0,0,0,0,0,0,0,433.56
Ç³·Â,2022,419,30,0,0,0,0,0,0,0,0,0,0,2.468333333,9.9,9.9,9.9,7.806666667,0,0,0,0,0,0,0,0,0,39.975
Ç³·Â,2022,420,31,0,0,0,0,0,0,0,0,0,0,0,1.896666667,2.97,3.1,1.99,0,0,0,0,0,0,0,0,0,9.956666667
Ç³·Â,2022,421,32,0,0,0,0,0,0,0,0,0,0,0,0,0,3.408333333,12.55,2.39,0,0,0,0,0,0,0,0,18.34833333
Ç³·Â,2022,422,33,0,0,0,0,0,0,0,0,0,0,35.12666667,75.9,75.9,75.9,65.29333333,18.465,0,0,0,0,0,0,0,0,346.585
Ç³·Â,2022,424,34,0,0,0,0,0,0,0,0,0,0,0.036666667,7.2,7.6,7.6,3.396666667,0,0,0,0,0,0,0,0,0,25.83333333
Ç³·Â,2022,425,35,0,0,0,0,0,0,0,0,0,0,14.965,30.08,36.525,0,0,0,0,0,0,0,0,0,0,0,81.57
Ç³·Â,2022,427,36,0,0,0,0,0,0,0,0,0,9.86,51.22,76,76,76,49.42166667,0,0,0,0,0,0,0,0,0,338.5016667
Ç³·Â,2022,428,37,0,0,0,0,0,0,0,0,0,0,0,0,7.195,9.12,0,0,0,0,0,0,0,0,0,0,16.315
Ç³·Â,2022,429,38,0,0,0,0,0,0,0,0,0,0,0,18.82666667,16.83333333,0,0,0,0,0,0,0,0,0,0,0,35.66
Ç³·Â,2022,501,39,0,0,0,0,0,0,0,0.615,85.09833333,102.0933333,104.1,104.9,104.9,104.9,104.9,101.24,65.75333333,3.406666667,0,0,0,0,0,0,881.9066667
Ç³·Â,2022,502,40,0,0,0,0,0,0,0,0,0,42.66,113.0416667,113.2,113.2,113.2,96.94833333,44.94666667,0.165,0,0,0,0,0,0,0,637.3616667
Ç³·Â,2022,503,41,0,0,0,0,0,0,0,0,0,0,0.385,4.126666667,5.3,5.3,3.375,0,0,0,0,0,0,0,0,0,18.48666667
Ç³·Â,2022,504,42,0,0,0,0,0,0,0,0,0,2.543333333,12.5,12.5,12.5,12.5,7.925,0,0,0,0,0,0,0,0,0,60.46833333
Ç³·Â,2022,505,43,0,0,0,0,0,0,0,0,0,31.16166667,31.40333333,30.4,30.4,32.165,18.52166667,0,0,0,0,0,0,0,0,0,174.0516667
Ç³·Â,2022,506,44,0,0,0,0,0,0,0,0,0,0,0,0,8.523333333,7.526666667,0,0,0,0,0,0,0,0,0,0,16.05
Ç³·Â,2022,507,45,0,0,0,0,0,0,0,0,0,0,0,0,0,4.946666667,8.2,3.055,0,0,0,0,0,0,0,0,16.20166667
Ç³·Â,2022,509,46,0,0,0,0,0,0,0,0,0,0,0,6.441666667,36.03333333,34.225,3.545,0,0,0,0,0,0,0,0,0,80.245
Ç³·Â,2022,514,47,0,0,0,0,0,0,0,0.97,50.54833333,81.48333333,84.03333333,103.7,103.7,103.7,66.95833333,28.09166667,20.37666667,0,0,0,0,0,0,0,643.5616667
Ç³·Â,2022,515,48,0,0,0,0,0,0,0,0,0,93.60166667,104.0766667,104.1666667,57.99,93.4,93.4,77.63666667,7.663333333,0,0,0,0,0,0,0,631.935
Ç³·Â,2022,516,49,0,0,0,0,0,0,0,0,0,0,1.266666667,7.175,7.4,7.4,7.025,0.153333333,0,0,0,0,0,0,0,0,30.42
Ç³·Â,2022,517,50,0,0,0,0,0,0,0,0,0,0,1.951666667,5.3,5.3,5.3,2.956666667,0,0,0,0,0,0,0,0,0,20.80833333
Ç³·Â,2022,518,51,0,0,0,0,0,0,0,0,0,0,0,0.523333333,2,0.485,0,0,0,0,0,0,0,0,0,0,3.008333333
Ç³·Â,2022,521,52,0,0,0,0,0,0,0,0,0,29.66333333,66.4,66.4,66.4,66.4,66.4,31.46,0,0,0,0,0,0,0,0,393.1233333
Ç³·Â,2022,522,53,0,0,0,0,0,0,0,0,0,6.266666667,26.2,26.2,26.2,26.2,26.10833333,1.743333333,0,0,0,0,0,0,0,0,138.9183333
Ç³·Â,2022,527,54,0,0,0,0,0,0,0,0,0,0,24.5,84.62333333,98.3,84.66,55.59,6.693333333,0,0,0,0,0,0,0,0,354.3666667
Ç³·Â,2022,528,55,0,0,0,0,0,0,0,0,0,0,0,0,9.153333333,17.61833333,0.276666667,0,0,0,0,0,0,0,0,0,27.04833333
Ç³·Â,2022,529,56,0,0,0,0,0,0,0,0,0,18.615,5.681666667,0,0,0,0,0,0,0,0,0,0,0,0,0,24.29666667
Ç³·Â,2022,601,57,0,0,0,0,0,0,0,0,0,0,0,2.593333333,6.05,6.5,4.198333333,0,0,0,0,0,0,0,0,0,19.34166667
Ç³·Â,2022,606,58,0,0,0,0,0,0,0,0,0,0,2.818333333,40.74,63.3,63.3,56.59333333,33.02833333,0.401666667,0,0,0,0,0,0,0,260.1816667
Ç³·Â,2022,612,59,0,0,0,0,0,0,0,0,0,0,0,0,2.038333333,26.165,4.645,0,0,0,0,0,0,0,0,0,32.84833333
Ç³·Â,2022,625,60,0,0,0,0,0,0,0,0,0,0,0,0,4.253333333,14.78666667,0,0,0,0,0,0,0,0,0,0,19.04
Ç³·Â,2022,709,61,0,0,0,0,0,0,0,0,0,0,0,6.06,10.1,7.743333333,0,0,0,0,0,0,0,0,0,0,23.90333333
Ç³·Â,2022,906,62,0,0,0,0,0,0,0,0,0,0,4.438333333,82.49833333,148.0333333,148.7,148.7,117.8333333,15.84166667,0,0,0,0,0,0,0,666.045
Ç³·Â,2022,907,63,0,0,0,0,0,0,0,0,0,0,6.391666667,20.20666667,24.2,19.955,3.09,0,0,0,0,0,0,0,0,0,73.84333333
Ç³·Â,2022,908,64,0,0,0,0,0,0,0,0,0,0,0,0,0,5.651666667,3.946666667,0,0,0,0,0,0,0,0,0,9.598333333
Ç³·Â,2022,909,65,0,0,0,0,0,0,0,0,0,0,0,6.466666667,0,0,0,0,0,0,0,0,0,0,0,0,6.466666667
Ç³·Â,2022,910,66,0,0,0,0,0,0,0,0,0,0.256666667,28.43,24.06,16.7,50.29333333,53.8,24.82166667,0,0,0,0,0,0,0,0,198.3616667
Ç³·Â,2022,918,67,0,0,0,0,0,0,0,0,0,0.463333333,20.81833333,63.32666667,74.19333333,25.05666667,1.2,0,0,0,0,0,0,0,0,0,185.0583333
Ç³·Â,2022,919,68,0,0,0,0,0,0,0,0,0,0,0,14.03333333,65.73333333,64,36.11666667,0,0,0,0,0,0,0,0,0,179.8833333
Ç³·Â,2022,924,69,0,0,0,0,0,0,0,0,6.5,94.185,125.2,133.2,133.2,133.2,63.98666667,0,0,0,0,0,0,0,0,0,689.4716667
Ç³·Â,2022,1005,70,0,0,0,0,0,0,0,0,0,55.25,125.7333333,121.725,124,44.30833333,0,0,0,0,0,0,0,0,0,0,471.0166667
Ç³·Â,2022,1007,71,0,0,0,17,23.375,0,0,0,0,0,0,0,95.75083333,111.3833333,103.01,76.04833333,5.665833333,0,0,0,0,0,0,0,432.2333333
Ç³·Â,2022,1010,72,0,0,0,11.39,13.4,24.315,3.771666667,0.435,28.98166667,91.83166667,132.4533333,132.6,146.08,134.1333333,57.75166667,27.385,0,0,0,0,0,0,0,0,804.5283333
Ç³·Â,2022,1011,73,0,0,0,0,0,0,0,0,0,0,54.11916667,129.6666667,129.95,129.95,100.6916667,36.16083333,0,0,0,0,0,0,0,0,580.5383333
Ç³·Â,2022,1012,74,0,0,0,0,0,0,0,0,0,0,2.215,37.62833333,53.5,45.29,20.05666667,0,0,0,0,0,0,0,0,0,158.69
Ç³·Â,2022,1013,75,0,0,0,0,0,0,0,0,0,32.96,36.50333333,50.89,78.76,90.88,69.45333333,10.12333333,0,0,0,0,0,0,0,0,369.57
Ç³·Â,2022,1015,76,0,0,0,0,0,0,0,0,0,10.32,31.03,32,32,32,29.01,2.11,0,0,0,0,0,0,0,0,168.47
Ç³·Â,2022,1017,77,0,0,0,0,0,0,0,0,0.03,36.13333333,122.3666667,159.5666667,196,200.8,200.8,161.55,18.53,0,0,0,0,0,0,0,1095.776667
Ç³·Â,2022,1018,78,0,4.476666667,7.9,21.24666667,22.2,18.78833333,0,0,55.27833333,165.22,183.6333333,185.4,185.4,185.4,182.85,135.805,23.65333333,0,0,0,0,0,0,0,1377.251667
Ç³·Â,2022,1019,79,0,0,0,0,0,0,0,0,3.357,80.835,110.4733333,116.68,116.68,116.68,111.7483333,59.47366667,0.12,0,0,0,0,0,0,0,716.0473333
Ç³·Â,2022,1020,80,0,0,0,0,0,0,0,0,0,0,3.206666667,10.7,10.7,10.52,4.686666667,0,0,0,0,0,0,0,0,0,39.81333333
Ç³·Â,2022,1023,81,0,0,0,0,0,0,0,0,14.92333333,100.2866667,114.58,154.9383333,157.1,157.1,147.3466667,93.67333333,32.15833333,0,0,0,0,0,0,0,972.1066667
Ç³·Â,2022,1024,82,0,0,0,0,0,0,0,0,0.036666667,72.49333333,146.5566667,192.3,192.3,192.3,166.77,85.02833333,11.905,0,0,0,0,0,0,0,1059.69
Ç³·Â,2022,1025,83,0,0,0,0,0,0,0,0,0,0,5.771666667,60.31166667,68.6,41.04833333,3.2,0,0,0,0,0,0,0,0,0,178.9316667
Ç³·Â,2022,1028,84,0,0,0,0,0,0,0,0,0,0,0.401666667,9,9,9,3.981666667,0,0,0,0,0,0,0,0,0,31.38333333
Ç³·Â,2022,1029,85,0,0,0,0,0,0,0,0,0,0,0,18.875,16.61833333,0,0,0,0,0,0,0,0,0,0,0,35.49333333
Ç³·Â,2022,1030,86,0,0,0,0,0,0,0,0,0,38.84,71.5,71.5,71.5,71.5,57.72,16.26833333,0,0,0,0,0,0,0,0,398.8283333
Ç³·Â,2022,1031,87,0,0,0,0,0,0,0,0,0,0,2.013333333,49.69166667,89.12833333,56.37833333,4.121666667,0,0,0,0,0,0,0,0,0,201.3333333
Ç³·Â,2022,1101,88,0,0,0,0,0,0,0,0,0,0,25.10833333,60.10166667,73.7,72.185,40.59833333,0.393333333,0,0,0,0,0,0,0,0,272.0866667
Ç³·Â,2022,1102,89,0,0,0,0,0,0,0,0,0,0,0,0.671666667,3.048333333,0,0,0,0,0,0,0,0,0,0,0,3.72
Ç³·Â,2022,1103,90,0,0,0,0,0,0,0,0,0,0,0.438333333,7.496666667,8.566666667,4.83,5.866666667,0,0,0,0,0,0,0,0,0,27.19833333
Ç³·Â,2022,1104,91,0,0,0,0,0,0,0,0,0,98.51166667,155.2166667,170.1,170.1,134.6066667,94.5,38.54666667,0.213333333,0,0,0,0,0,0,0,861.795
Ç³·Â,2022,1105,92,0,0,0,0,0,0,0,0,0,30.31333333,89.82666667,138.2166667,145.5,145.5,104.84,30.98166667,0,0,0,0,0,0,0,0,685.1783333
Ç³·Â,2022,1106,93,0,0,0,0,0,0,0,0,0,8.116666667,46.195,46.3,40.125,6.623333333,6.6,1.54,0,0,0,0,0,0,0,0,155.5
Ç³·Â,2022,1113,94,0,0,0,0,0,0,0,0,0,0,63.615,112.8,94.52666667,78.955,48.83333333,14.14,0,0,0,0,0,0,0,0,412.87
Ç³·Â,2022,1114,95,0,0,0,0,0,0,0,0,0,0,0,0,32.31666667,38.2,23.73666667,0,0,0,0,0,0,0,0,0,94.25333333
Ç³·Â,2022,1115,96,0,0,0,0,0,0,0,0,0,1.833333333,9.833333333,1.658333333,12.9,11.955,1.736666667,0,0,0,0,0,0,0,0,0,39.91666667
Ç³·Â,2022,1118,97,0,0,0,0,0,0,0,0,0,0,0,12.71666667,42.12833333,42.44166667,2.36,0,0,0,0,0,0,0,0,0,99.64666667
ÅÂ¾ç±¤,2021,1017,1,,,,,,,,,,,,,,,,,,,,,,,,,
ÅÂ¾ç±¤,2022,306,1,,,,,,,,,,,,,,,,,,,,,,,,,
ÅÂ¾ç±¤,2022,327,2,,,,,,,,,,,,,,,,,,,,,,,,,
ÅÂ¾ç±¤,2022,408,3,,,,,,,,,,,,,,,,,,,,,,,,,
ÅÂ¾ç±¤,2022,409,4,,,,,,,,,,,,,,,,,,,,,,,,,
ÅÂ¾ç±¤,2022,410,5,,,,,,,,,,,,,,,,,,,,,,,,,
ÅÂ¾ç±¤,2022,415,6,,,,,,,,,,,,,,,,,,,,,,,,,
ÅÂ¾ç±¤,2022,416,7,,,,,,,,,,,,,,,,,,,,,,,,,
ÅÂ¾ç±¤,2022,417,8,,,,,,,,,,,,,,,,,,,,,,,,,
ÅÂ¾ç±¤,2022,419,9,,,,,,,,,,,,,,,,,,,,,,,,,
ÅÂ¾ç±¤,2022,420,10,,,,,,,,,,,,,,,,,,,,,,,,,
ÅÂ¾ç±¤,2022,422,11,,,,,,,,,,,,,,,,,,,,,,,,,
ÅÂ¾ç±¤,2022,424,12,,,,,,,,,,,,,,,,,,,,,,,,,
ÅÂ¾ç±¤,2022,427,13,,,,,,,,,,,,,,,,,,,,,,,,,
ÅÂ¾ç±¤,2022,501,14,,,,,,,,,,,,,,,,,,,,,,,,,
ÅÂ¾ç±¤,2022,503,15,,,,,,,,,,,,,,,,,,,,,,,,,
ÅÂ¾ç±¤,2022,504,16,,,,,,,,,,,,,,,,,,,,,,,,,
ÅÂ¾ç±¤,2022,514,17,,,,,,,,,,,,,,,,,,,,,,,,,
ÅÂ¾ç±¤,2022,515,18,,,,,,,,,,,,,,,,,,,,,,,,,
ÅÂ¾ç±¤,2022,516,19,,,,,,,,,,,,,,,,,,,,,,,,,
ÅÂ¾ç±¤,2022,521,20,,,,,,,,,,,,,,,,,,,,,,,,,
ÅÂ¾ç±¤,2022,522,21,,,,,,,,,,,,,,,,,,,,,,,,,
ÅÂ¾ç±¤,2022,601,22,,,,,,,,,,,,,,,,,,,,,,,,,
ÅÂ¾ç±¤,2022,1015,23,,,,,,,,,,,,,,,,,,,,,,,,,
ÅÂ¾ç±¤,2022,1017,24,,,,,,,,,,,,,,,,,,,,,,,,,
ÅÂ¾ç±¤,2022,1018,25,,,,,,,,,,,,,,,,,,,,,,,,,
ÅÂ¾ç±¤,2022,1019,26,,,,,,,,,,,,,,,,,,,,,,,,,
ÅÂ¾ç±¤,2022,1020,27,,,,,,,,,,,,,,,,,,,,,,,,,
ÅÂ¾ç±¤,2022,1023,28,,,,,,,,,,,,,,,,,,,,,,,,,
