운영기관,충전기명혹은Id,행정시,변전소,읍면동,충전기별 1회 충전당 평균 충전소요시간,충전기별 1회 충전당 평균 충전량,충전기별 일평균 충전횟수,충전기별 월평균 충전횟수,충전기별 일평균 충전소요시간(분),충전기별 월평균 충전소요시간(분),충전기별 일평균 충전량,충전기별 월평균 충전량
한전,10978,제주시,동제주,아라동,24.38624339,20.24164021,1.105263158,31.9,26.95321637,782.3,22.37233918,639.654
한전,10979,제주시,동제주,아라동,26.20673077,20.66245994,1.234421365,36.7,32.35014837,970.7,25.506182,759.866
한전,10980,제주시,동제주,아라동,28.78947368,17.5124269,0.347560976,10.1,10.00609756,298.6,6.086636179,181.484
한전,10981,제주시,동제주,아라동,33.30584192,20.32353952,0.887195122,27.5,29.54878049,922.7,18.03094512,567.5403333
한전,10982,제주시,한림,애월읍,39.11333333,19.46457778,0.352941176,10.61538462,13.80470588,416.2307692,6.86985098,213.0051282
한전,10983,제주시,한림,애월읍,35.4375,20.96325,0.19047619,5.384615385,6.75,189.6923077,3.993,112.8315385
한전,10984,제주시,산지,이도2동,41.29756098,22.12554472,0.482352941,14.38461538,19.92,583.8461538,10.67232157,311.3135897
한전,10985,제주시,산지,이도2동,32.58130081,20.63756098,0.577464789,16.53846154,18.81455399,544.3846154,11.91746479,347.6015385
한전,10986,제주시,동제주,봉개동,35.98979592,22.42397959,0.230046948,6.615384615,8.279342723,235.8461538,5.158568075,142.41
한전,10987,제주시,산지,이도2동,59.25357143,27.31772619,2.094763092,65.25,124.1221945,3907.916667,57.22416459,1789.702222
한전,10988,제주시,산지,이도2동,54.31038506,28.10892649,2.011737089,62.46153846,109.258216,3427.230769,56.54776995,1775.986154
한전,10989,제주시,산지,이도2동,45.94206009,24.5012804,1.517915309,46.22222222,69.73615635,2128.333333,37.19086862,1120.464074
한전,10990,제주시,산지,이도2동,44.80571429,24.55030476,0.823529412,24.46153846,36.89882353,1098.769231,20.21789804,601.5574359
한전,10991,제주시,산지,이도2동,49.99319728,26.12088435,0.365671642,10.58333333,18.28109453,520.4166667,9.551666667,273.0325
한전,10992,제주시,산지,이도2동,51.06214689,26.49352166,0.441396509,13.58333333,22.53865337,700,11.69414796,360.8211111
한전,10993,제주시,산지,이도2동,44.68156425,25.28243948,0.456632653,13.66666667,20.40306122,608.0833333,11.54478741,344.9572222
한전,10994,제주시,산지,이도2동,50.8585209,24.75998928,0.74047619,23.23076923,37.65952381,1185.615385,18.33418254,576.975641
한전,10995,제주시,산지,이도2동,54.51960784,25.43362745,0.465753425,15.16666667,25.39269406,830.1666667,11.84579909,393.175
한전,10996,제주시,산지,이도2동,55.38410596,20.96333333,0.488673139,15.11111111,27.06472492,854.4444444,10.24421791,311.4088889
한전,10997,제주시,한림,애월읍,37.98087432,22.47996357,0.92893401,28.16666667,35.28172589,1065.916667,20.88240271,633.8408333
한전,10998,제주시,산지,용담2동,29.26666667,16.73266667,0.048387097,1.3,1.416129032,34,0.809645161,20.061
한전,10999,제주시,산지,용담2동,40.45192308,21.90490385,0.247030879,7.384615385,9.992874109,298.1538462,5.411187648,161.5423077
한전,11000,제주시,산지,용담2동,37.672,21.58888,0.362318841,10.8,13.64927536,391.6,7.822057971,222.663
한전,11001,제주시,산지,용담2동,48.07563025,25.46218487,0.360606061,10.6,17.33636364,495.8,9.181818182,260.256
한전,11002,제주시,산지,용담2동,54.14423077,30.41426282,0.301449275,9.2,16.32173913,524.7,9.168357488,290.407
한전,11003,제주시,조천,구좌읍,40.33495146,22.79372977,0.96037296,29.46153846,38.73659674,1197.769231,21.89048174,671.3951282
한전,11004,제주시,조천,구좌읍,39.61433447,22.2807281,0.749360614,23.5,29.68542199,938.1666667,16.69630009,528.5627778
한전,11005,제주시,한림,한림읍,49.00977199,28.12480999,0.732696897,21.23076923,35.90930788,1036.384615,20.60696102,593.5794872
한전,11006,제주시,한림,한림읍,27.72058824,14.29426471,0.329297821,9.692307692,9.128329298,270.6153846,4.707070218,139.5923077
한전,11007,제주시,신제주,오라동,31.70909091,17.66236364,0.148247978,4.363636364,4.700808625,137.5454545,2.618409704,77.20272727
한전,11018,제주시,신제주,노형동,34.24324324,22.56797297,0.567774936,15.91666667,19.44245524,546.3333333,12.81352941,360.3608333
한전,11019,제주시,한림,애월읍,24.3125,14.66375,0.040712468,1.166666667,0.989821883,27,0.596997455,16.12666667
한전,11020,제주시,한림,애월읍,39.05263158,22.54368421,0.048346056,1.333333333,1.888040712,54.16666667,1.089898219,30.5875
한전,11021,제주시,한림,애월읍,33.64,19.35533333,0.119904077,3.833333333,4.033573141,125.0833333,2.320783373,71.75722222
한전,11022,제주시,한림,애월읍,39.37209302,22.58020672,0.313868613,9.333333333,12.35766423,371.75,7.087218167,213.1988889
한전,11023,제주시,한림,애월읍,41.06741573,24.06205993,0.454081633,12.66666667,18.64795918,521.5833333,10.92613946,310.0105556
한전,11028,제주시,한림,한경면,35.7202381,21.68815476,0.400954654,10.69230769,14.3221957,387.3846154,8.695966587,230.25
한전,11029,제주시,한림,한경면,38.60307692,23.0309641,0.775656325,23.84615385,29.94272076,918.3076923,17.86411297,542.5161538
한전,11030,제주시,신제주,노형동,52.99498747,28.06494152,2.326530612,71,123.2944606,3837.6,65.29394558,2011.713667
한전,11031,제주시,신제주,노형동,51.29888268,28.67407821,2.081395349,65.7,106.7732558,3387.7,59.68209302,1880.515333
한전,11032,제주시,신제주,노형동,41.73259053,20.96377437,1.721822542,53.5,71.85611511,2260.166667,36.09589928,1138.030278
한전,11033,제주시,신제주,노형동,47.05415861,23.88950355,2.473684211,77.16666667,116.3971292,3623.25,59.09508772,1850.838056
한전,11034,제주시,신제주,노형동,43.47871236,21.08281239,4.743842365,148.4166667,206.2561576,6486,100.0135386,3128.858056
한전,11037,제주시,신제주,도두동,45.72826087,31.40461051,0.895377129,28.5,40.94403893,1337.916667,28.11896999,913.3961111
한전,11038,제주시,신제주,도두동,45.93663912,32.11051423,0.887530562,28,40.77017115,1310.75,28.49906275,909.0913889
한전,11039,제주시,신제주,도두동,49.3358209,33.05146766,0.324455206,9.923076923,16.00726392,498.5384615,10.72372074,332.9235897
한전,11045,서귀포시,한라,천지동,46.38768116,22.59596618,0.705882353,20.91666667,32.74424552,959.25,15.95009378,472.5408333
한전,11048,서귀포시,안덕,안덕면,28.42857143,23.69258929,0.32,10.3,9.097142857,302.4,7.581628571,250.909
한전,11049,서귀포시,안덕,안덕면,29.67808219,23.52631279,0.829545455,26.6,24.61931818,792.2,19.51614583,632.1843333
한전,11050,서귀포시,한라,천지동,37.51219512,20.68268293,0.465909091,14.3,17.47727273,550.5,9.63625,297.899
한전,11055,서귀포시,표선,표선면,26.53043478,22.59684058,0.33045977,10.7,8.767241379,293,7.467346743,246.734
한전,11056,서귀포시,표선,표선면,29.4040404,20.0379798,0.282051282,8.2,8.293447293,251.2,5.651737892,159.908
한전,11057,서귀포시,표선,표선면,50.76229508,26.3407377,0.36746988,11.4,18.65361446,595.1,9.679427711,305.464
한전,11058,서귀포시,한라,남원읍,43.69144981,26.01975836,1.563953488,48.8,68.33139535,2149.8,40.69369186,1270.15
한전,11059,서귀포시,신서귀,대천동,49.81761006,28.07689727,0.935294118,27.9,46.59411765,1402,26.26015686,783.4013333
한전,11060,서귀포시,신서귀,대천동,46.64309764,25.90457912,0.860869565,25.8,40.15362319,1211.6,22.30046377,663.975
한전,11062,제주시,신제주,도두동,37.47887324,22.77177465,1.008522727,30.1,37.79829545,1146.2,22.96585227,691.3
한전,11063,제주시,신제주,도두동,38.71216617,22.24213155,1.92022792,57,74.33618234,2260.4,42.70996201,1260.643
한전,11064,제주시,신제주,도두동,41.0766129,23.52566756,2.214285714,68.3,90.95535714,2836.2,52.0925496,1620.597667
한전,11065,제주시,신제주,도두동,41.4368932,24.209911,1.208211144,37.7,50.06451613,1594.9,29.25068426,928.5753333
한전,11066,제주시,신제주,오라동,35.66528926,23.85152204,1.44047619,41.4,51.375,1491.6,34.3575496,974.646
한전,11067,제주시,신제주,오라동,35.88235294,23.60301471,0.415902141,11.2,14.9235474,400.8,9.816544343,253.733
한전,11068,제주시,신제주,오라동,36.75,24.68070946,0.880952381,26.5,32.375,980.1,21.74252976,647.356
한전,11069,제주시,신제주,오라동,38.53299492,24.20284264,0.586309524,14.1,22.5922619,547.4,14.19035714,331.427
한전,1153,제주시,신제주,연동,44.53019447,14.6418799,1.81598513,54.4375,80.866171,2398.4375,26.58943618,783.6504167
한전,1166,제주시,산지,이도2동,54.80772325,19.05923304,2.310408922,69.125,126.6282528,3803.1875,44.03462206,1309.824792
한전,12148,제주시,조천,구좌읍,4,4.28,1,NaN,4,NaN,4.28,NaN
한전,12149,제주시,조천,구좌읍,30.33333333,23.14333333,1.5,NaN,45.5,NaN,34.715,NaN
한전,12151,제주시,조천,구좌읍,27.66666667,28.36111111,3,NaN,83,NaN,85.08333333,NaN
한전,1229,서귀포시,성산,성산읍,43.31202046,16.71485081,0.728119181,21.6875,31.53631285,942.3125,12.17040348,354.0775
한전,1231,서귀포시,한라,동홍동,39.37787567,21.28998858,3.79739777,114.1875,149.5334572,4502,80.84655514,2429.298125
한전,1232,서귀포시,성산,성산읍,35.69214876,20.1419146,1.799256506,55.1875,64.21933086,1978,36.24047088,1127.447708
한전,1235,서귀포시,한라,송산동,32.97884148,18.05784831,5.358736059,161.1875,176.7249071,5310,96.76724287,2901.873958
한전,1237,제주시,신제주,도두동,43.82605798,22.61060646,5.578066914,168.25,244.464684,7328.8125,126.1234758,3865.693333
한전,1238,제주시,신제주,도두동,44.19526095,19.68367826,6.197026022,184.5,273.8791822,8124.6875,121.9802664,3661.553542
한전,1379,제주시,조천,구좌읍,39.7014652,20.00673687,2.029739777,63.6875,80.58364312,2524.125,40.60846964,1273.434792
한전,1380,제주시,조천,구좌읍,38.79710145,20.57612721,0.793103448,24.625,30.77011494,953.875,16.31899745,507.9622917
한전,1431,제주시,산지,삼도1동,54.30408859,25.06020159,4.364312268,135.875,237,7418.5625,109.3705452,3425.117708
한전,1432,제주시,산지,건입동,36.29032258,18.52903226,1.068965517,31.8,38.79310345,1180.5,19.80689655,595.2156667
한전,1433,제주시,산지,건입동,32.39861352,16.87759099,1.576502732,48.27272727,51.07650273,1574.909091,26.60756831,808.5690909
한전,1434,제주시,한림,한림읍,32.78429818,17.30152789,2.348230912,72.125,76.98510242,2363.875,40.62798262,1254.173125
한전,1435,제주시,한림,한림읍,33.90441709,17.12165822,2.566914498,77.1875,87.02973978,2638.5625,43.94983271,1330.9925
한전,1436,제주시,신제주,도두동,42.92413793,16.08908812,4.042750929,125.125,173.5315985,5344.6875,65.04417596,2008.051667
한전,1437,제주시,조천,구좌읍,32.16386555,15.22948179,0.888059701,26.8125,28.56343284,841.8125,13.52468905,394.8377083
한전,1440,제주시,조천,조천읍,42.42180095,20.43988942,0.410505837,12.75,17.41439689,545.625,8.390693904,259.3822917
한전,1445,제주시,한림,애월읍,38.90356872,16.1829385,2.47556391,75.0625,96.30827068,2906.5,40.0618985,1190.757708
한전,1446,제주시,한림,애월읍,44.65012531,20.59605013,3.785578748,115.5,169.0265655,5137.9375,77.96796964,2365.969375
한전,1448,제주시,한림,애월읍,33.55533466,15.02092777,2.804832714,85.125,94.11710037,2880.8125,42.13118959,1280.841458
한전,1449,제주시,한림,애월읍,35.03509691,16.45097433,3.554934823,108.875,124.547486,3859.5,58.48214153,1805.170625
한전,1450,제주시,한림,한경면,39.58814229,16.33333333,2.351301115,72,93.08364312,2848.6875,38.40458488,1168.423125
한전,1451,제주시,한림,애월읍,36.06339197,15.75551831,5.600371747,169.3125,201.9684015,6176.4375,88.2367596,2663.546667
한전,1452,제주시,조천,구좌읍,38.9222163,19.56397265,3.488847584,106.875,135.7936803,4127.75,68.25571871,2074.691875
한전,1453,제주시,조천,구좌읍,39.36571429,17.37303401,2.276951673,69.3125,89.633829,2735.625,39.55755886,1202.428958
한전,1456,제주시,조천,조천읍,45.2130621,18.23037473,1.739292365,52.5,78.63873371,2373.375,31.70795158,955.1625
한전,1457,제주시,동제주,아라동,33.28896673,15.57059837,2.130597015,66.4375,70.92537313,2204.125,33.1746704,1032.178958
한전,1458,제주시,신제주,노형동,40.08106061,20.00448485,2.481203008,77.25,99.44924812,3108.875,49.63518797,1540.064167
한전,1466,서귀포시,표선,표선면,36.93573844,14.33499436,1.651769088,52.3125,61.00931099,1926.125,23.67810056,743.2425
한전,1467,서귀포시,신서귀,대천동,35.72997416,19.02921045,4.31598513,131.125,154.2100372,4714.5625,82.12978934,2510.845417
한전,1468,서귀포시,신서귀,대천동,33.38855622,18.03329341,2.793680297,82.5625,93.27695167,2703.8125,50.37925651,1470.150625
한전,1469,서귀포시,신서귀,대천동,35.91530612,19.50008673,3.64990689,112.3125,131.0875233,3987.125,71.17350093,2182.5975
한전,1470,서귀포시,한라,남원읍,49.74117647,21.14420588,0.63670412,19.375,31.67041199,972.875,13.462603,418.558125
한전,1471,서귀포시,한라,남원읍,53.57657658,16.92608108,0.414953271,11.3125,22.2317757,582.375,7.02353271,184.49375
한전,1473,서귀포시,신서귀,대천동,33.64667747,17.74269854,2.293680297,68.9375,77.17472119,2290.4375,40.69607807,1216.1975
한전,1474,서귀포시,성산,성산읍,46.71976967,19.07549584,1.936802974,58.25,90.48698885,2737.8125,36.94547708,1097.6475
한전,1475,서귀포시,신서귀,대륜동,56.5,23.15058685,0.803773585,24.375,45.41320755,1378.75,18.60783019,570.6975
한전,1476,서귀포시,신서귀,대륜동,53.67572816,20.93434951,0.959031657,29.4375,51.47672253,1550.5625,20.07670391,598.955
한전,1477,서귀포시,성산,성산읍,43.15496368,20.82654964,3.07063197,90.25,132.5130112,3909.0625,63.95066914,1891.879583
한전,1481,서귀포시,안덕,안덕면,34.82200461,17.47680876,3.226765799,101.125,112.3624535,3533.9375,56.39356877,1767.51
한전,1482,서귀포시,안덕,안덕면,35.84507042,16.49385699,3.431226766,103.875,122.9925651,3752.125,56.59416357,1692.823542
한전,1483,서귀포시,안덕,안덕면,39.76635514,18.8251947,1.591078067,46.8125,63.27137546,1880.6875,29.9523544,893.8647917
한전,1484,서귀포시,안덕,안덕면,43.66735967,20.2333264,1.788104089,52.5,78.08178439,2290.5625,36.17929368,1062.289375
한전,1485,서귀포시,신서귀,중문동,34.61723447,19.02538633,2.798130841,85.875,96.8635514,2978.5625,53.23552025,1633.240417
한전,1486,서귀포시,안덕,대정읍,45.06975698,24.75790729,4.130111524,121.1875,186.1431227,5502.4375,102.2529182,3020.492917
한전,1487,서귀포시,안덕,대정읍,46.08722301,26.28413484,3.942379182,119.3125,181.6933086,5472.8125,103.622026,3175.862917
한전,1488,서귀포시,신서귀,예래동,33.73729176,17.12983198,4.351301115,134,146.8011152,4501.9375,74.537057,2311.181875
한전,1489,서귀포시,안덕,안덕면,34.52971188,18.17091337,6.19330855,194.3125,213.8531599,6751.5625,112.5380731,3538.141667
한전,1490,서귀포시,안덕,안덕면,36.19031142,18.58654474,3.760223048,113.9375,136.0836431,4122.1875,69.8895539,2117.465625
한전,1492,서귀포시,신서귀,중문동,41.15054414,18.33400242,3.074349442,93.1875,126.5111524,3808.5625,56.36513011,1691.2675
한전,1493,서귀포시,신서귀,중문동,46.50979021,18.77121445,2.662942272,80.625,123.8528864,3766.4375,49.98666046,1503.541667
한전,1494,서귀포시,안덕,안덕면,51.81961669,18.24981962,1.648698885,50.5625,85.43494424,2649.25,30.08845725,919.399375
한전,1495,서귀포시,안덕,안덕면,44.37221269,19.21755289,1.0917603,32.625,48.44382022,1464.5625,20.9809613,636.0333333
한전,2179,제주시,한림,한림읍,33.27777778,13.07364198,0.905027933,27.75,30.11731844,902.5,11.83201117,350.715
한전,2180,제주시,한림,한림읍,36.92649311,14.02136294,1.216014898,36,44.90316574,1353.1875,17.05018622,499.478125
한전,303,서귀포시,신서귀,대륜동,37.30803738,20.5064972,4.972118959,152.25,185.5,5733.125,101.9607435,3173.005
한전,3509,제주시,산지,건입동,56.87158145,22.63042806,3.126394052,94.8125,177.802974,5386.5625,70.75163569,2135.9275
한전,3514,제주시,신제주,노형동,48.77493075,18.07086565,2.68401487,81.625,130.9126394,3991.25,48.50247212,1459.833125
한전,3520,제주시,신제주,노형동,51.57991361,25.33041037,1.721189591,52,88.77881041,2666.8125,43.59843866,1308.92
한전,3525,제주시,산지,이도2동,49.27362366,18.34502054,2.262081784,69.25,111.4609665,3403.9375,41.4979368,1270.236875
한전,3528,제주시,산지,삼도2동,58.16864295,27.88163373,1.416044776,42,82.36940299,2464.8125,39.48164179,1185.32625
한전,3547,제주시,동제주,아라동,53.04603271,25.91625278,3.074487896,93.25,163.0893855,4905.125,79.67920546,2412.367083
한전,3551,제주시,동제주,아라동,56.90296496,26.02076819,2.758364312,85.0625,156.9591078,4779.5625,71.77475836,2172.668125
한전,3560,제주시,조천,조천읍,53.93150685,23.22025114,0.834285714,25.8125,44.99428571,1381,19.37232381,592.87
한전,3565,제주시,신제주,연동,37.8968254,18.8228836,0.237288136,6.8125,8.992467043,241.125,4.466446955,126.2314583
한전,3572,제주시,산지,일도2동,51.6221336,23.78186441,1.864312268,57,96.23977695,2917.875,44.33682156,1355.45625
한전,3574,제주시,산지,이도2동,50.95,22.2675,0.037523452,1.0625,1.911819887,54.375,0.835553471,24.4225
한전,3578,제주시,신제주,노형동,73.71606864,35.66882995,1.191449814,36.125,87.82899628,2669.625,42.49762082,1294.380625
한전,3580,제주시,한림,애월읍,53.51861199,19.59878233,2.946096654,90.5,157.6710037,4798.3125,57.73990706,1776.14625
한전,3585,제주시,동제주,삼양동,65.93544458,22.70275274,1.526022305,46.375,100.6189591,3064.75,34.64490706,1051.577292
한전,3588,제주시,신제주,노형동,61.88435374,28.88656841,1.639405204,50.0625,101.4535316,3116.875,47.35679058,1465.467708
한전,3590,제주시,동제주,화북동,48.84324324,19.11267267,3.094795539,95.3125,151.1598513,4621.8125,59.14981413,1815.856875
한전,3595,제주시,동제주,삼양동,53.90316206,24.5244664,0.940520446,29,50.69702602,1610.9375,23.06576208,734.775625
한전,3599,제주시,동제주,아라동,41.66666667,20.42441919,0.246268657,7.4375,10.26119403,304.25,5.029894279,145.3470833
한전,3603,제주시,동제주,아라동,64.32262211,25.50511568,1.446096654,42.625,93.01672862,2764.5,36.88286245,1094.55
한전,3607,제주시,신제주,외도동,52.86903553,23.64050423,1.830855019,56.5625,96.79553903,3036.8125,43.28233581,1365.412292
한전,3610,제주시,신제주,노형동,38.65724816,17.6279484,1.513011152,45.4375,58.48884758,1752.3125,26.67128253,817.66375
한전,3613,제주시,신제주,노형동,54.75280236,18.90938446,3.150557621,97.5,172.5018587,5310.1875,59.57510533,1845.900833
한전,3617,제주시,신제주,노형동,43.47215686,20.59675294,2.369888476,73,103.0241636,3145.1875,48.81200743,1488.0775
한전,3621,제주시,한림,애월읍,56.75227687,22.24003643,1.022346369,30.625,58.02048417,1754.6875,22.73702048,690.805625
한전,3624,제주시,한림,애월읍,51.76740377,21.25342069,2.269516729,70.625,117.4869888,3624.5625,48.2349938,1514.844167
한전,3625,제주시,한림,한림읍,75.81180223,26.79360447,1.167597765,36,88.51769088,2726.3125,31.2841527,952.285
한전,3628,제주시,동제주,화북동,57.7388749,22.31071369,2.264258555,69.875,130.7357414,4067.75,50.51722433,1576.395625
한전,3633,제주시,신제주,노형동,50.82988506,19.09825287,0.810055866,24.1875,41.17504655,1231.1875,15.47065177,458.175625
한전,3636,제주시,신제주,노형동,52.92521246,20.33324079,3.280669145,99.0625,173.6301115,5254.8125,66.70663569,2009.594375
한전,3637,제주시,산지,용담2동,53.64714389,19.06096409,2.57063197,78.375,137.9070632,4196.5625,48.99872367,1484.7775
한전,3638,제주시,산지,삼도1동,60.27906977,23.92674419,0.095132743,2.857142857,5.734513274,180.4285714,2.276216814,72.33785714
한전,3639,제주시,산지,일도2동,53.67900552,21.99328729,3.364312268,103.3125,180.5929368,5572.9375,73.99228625,2269.56125
한전,3640,제주시,동제주,화북동,57.58604407,23.30583945,3.542750929,106.1875,204.0130112,6110.6875,82.56678439,2458.98
한전,3641,서귀포시,신서귀,대천동,62.56930693,24.38049505,0.750929368,23.375,46.98513011,1450.25,18.30802974,560.399375
한전,3647,서귀포시,한라,남원읍,46.53250774,26.02848297,0.600371747,16.625,27.93680297,752.1875,15.6267658,427.24125
한전,3650,서귀포시,안덕,대정읍,45.44334975,17.50468528,1.13619403,34.75,51.63246269,1588,19.88871891,601.0877083
한전,3653,서귀포시,한라,동홍동,77.92571429,37.90748571,0.327102804,9.625,25.48971963,747.9375,12.39964486,367.724375
한전,3659,서귀포시,한라,동홍동,57.72962382,21.82814263,2.371747212,69.5,136.9200743,4024.9375,51.77083643,1486.0875
한전,513,제주시,신제주,연동,33.5,18.75786634,3.078066914,92.25,103.1152416,3107.5625,57.73796778,1759.615417
한전,5217,제주시,산지,일도2동,50.42709411,21.5481334,3.594795539,110,181.2750929,5567.625,77.46113383,2381.07875
한전,5235,제주시,산지,이도2동,58.95302013,22.81889709,2.769516729,82.5,163.2713755,4919.0625,63.19731722,1876.146042
한전,5242,서귀포시,신서귀,대륜동,59.06486486,18.62414414,0.689013035,20.625,40.69646182,1204,12.83227809,383.7608333
한전,5244,서귀포시,신서귀,대륜동,57.14344262,17.22827869,0.910447761,28.625,52.0261194,1668.125,15.68544776,488.646875
한전,579,제주시,조천,구좌읍,40.04713115,16.71515027,1.814126394,54.3125,72.65055762,2145.4375,30.32339529,924.3197917
한전,580,제주시,조천,구좌읍,43.25025961,17.69068536,1.789962825,53.25,77.41635688,2274.125,31.66566914,941.43375
한전,5843,제주시,동제주,화북동,55.00334928,23.48600159,3.884758364,118.9375,213.6747212,6588.75,91.23744114,2819.666458
한전,5844,제주시,동제주,화북동,57.72968624,27.71263073,2.310408922,69.8125,133.3791822,4030.6875,64.02750929,1937.2325
한전,6118,제주시,산지,용담2동,32.88358045,13.62353652,3.384758364,103.3125,111.302974,3407.4375,46.11237918,1383.824167
한전,6119,제주시,산지,용담2동,31.84666667,15.48830707,3.066914498,93.6875,97.67100372,2956.375,47.50131351,1432.378542
한전,6120,제주시,산지,용담2동,35.19191271,10.90845315,2.895910781,88.25,101.9126394,3115.75,31.58990706,922.73625
한전,6121,제주시,산지,용담2동,33.95007133,13.11500238,2.605947955,80.5,88.47211896,2734.4375,34.17701363,1039.471458
한전,6122,제주시,산지,용담2동,32.55394525,16.59076758,2.308550186,71,75.15241636,2287.5625,38.30061958,1169.965833
한전,6123,제주시,산지,용담2동,32.95585586,15.10816817,2.067039106,61.625,68.12104283,2027.25,31.22917443,917.3241667
한전,6124,제주시,산지,용담2동,32.81314879,16.15032872,2.148698885,66,70.50557621,2170.1875,34.70219331,1059.511458
한전,6125,제주시,산지,용담2동,31.73653687,14.10835211,2.243494424,68.625,71.20074349,2179.9375,31.65200929,972.108125
한전,6126,제주시,산지,용담2동,33.17481663,14.49482478,1.520446097,46.3125,50.44052045,1531.5625,22.03859975,663.1916667
한전,628,제주시,신제주,오라동,43.73414634,17.32830314,10.66914498,320.125,466.605948,14014.0625,184.8781784,5534.996875
한전,629,제주시,신제주,오라동,43.80633114,18.54518347,10.45167286,311.125,457.8494424,13555.75,193.8281908,5672.399167
한전,630,제주시,신제주,오라동,43.26360244,17.48994304,9.462825279,280.625,409.3959108,12145.0625,165.5042751,4814.541875
한전,631,제주시,신제주,오라동,44.41709289,20.35596508,11.26579926,345.0625,500.394052,15266.8125,229.3262162,7004.500271
한전,632,제주시,신제주,오라동,46.70010277,19.3294087,9.042750929,274.3125,422.2973978,12700.875,174.7910285,5247.605208
한전,633,제주시,산지,용담2동,44.65477252,22.91069878,2.083643123,64.6875,93.04460967,2907.25,47.73771995,1491.930833
한전,634,제주시,산지,용담2동,41.75397568,17.493087,1.994402985,63.125,83.27425373,2658.0625,34.88826493,1121.46
한전,706,제주시,한림,한림읍,37.94331984,19.61238417,1.37732342,41.5,52.26022305,1598.5,27.01259603,822.0897917
한전,707,제주시,한림,한림읍,40.08878505,20.7703972,1.591078067,48.125,63.78438662,1888.5625,33.04732342,981.7272917
한전,708,제주시,동제주,삼양동,41.694057,20.0782646,6.130111524,189.375,255.5892193,7876.1875,123.0820012,3800.10125
한전,709,제주시,동제주,삼양동,40.7637667,19.57371457,5.704460967,174.75,232.535316,7103.4375,111.6574907,3456.277917
한전,710,제주시,동제주,아라동,36.83116883,16.78805736,1.147113594,36.125,42.24953445,1344.9375,19.25780881,616.0883333
한전,711,제주시,동제주,아라동,39.91722973,20.57661036,1.102420857,33.625,44.00558659,1340.4375,22.68408442,698.5177083
한전,712,제주시,한림,한림읍,41.35684803,22.17474422,4.953531599,148.1875,204.8624535,6134.0625,109.8432962,3291.840417
한전,713,제주시,한림,한림읍,42.14702869,21.71828552,3.628252788,108.125,152.9200743,4547.375,78.79942999,2351.103333
한전,714,제주시,한림,한경면,38.92164179,20.54245025,1.721627409,50.07142857,67.00856531,1916.285714,35.3664454,1048.667857
한전,7299,제주시,신제주,연동,46.5890411,19.22338694,3.120817844,97.6875,145.3959108,4532.3125,59.99268897,1873.854583
한전,7863,제주시,산지,이도2동,59.11120841,21.71287215,2.12267658,63.6875,125.4739777,3788.75,46.0894052,1381.405
한전,8028,제주시,신제주,연동,49.42143839,19.09528325,4.057620818,124.625,200.5334572,6160.9375,77.48141884,2352.230208
한전,8029,제주시,신제주,연동,55.46057767,22.01343221,2.381040892,71.375,132.0539033,3977.25,52.41488228,1593.602292
한전,8032,제주시,동제주,화북동,40.00084246,17.2828784,2.206319703,65.75,88.25464684,2626.9375,38.13155514,1129.33125
한전,8033,제주시,동제주,화북동,36.54865772,15.60368289,2.215613383,67,80.97769517,2439.3125,34.57172862,1045.1625
한전,8037,서귀포시,한라,중앙동,55.64503043,20.48135227,0.916356877,27.9375,50.99070632,1547.375,18.768228,562.8666667
한전,8038,서귀포시,한라,중앙동,49.62324649,24.53658651,0.93271028,28.8125,46.28411215,1440.0625,22.88552648,714.1754167
한전,8039,서귀포시,표선,표선면,54.04744526,28.71576034,1.020484171,31.125,55.15456238,1725.6875,29.3039789,907.325625
한전,8061,제주시,동제주,삼양동,47.23381428,21.27969047,5.024163569,149.0625,237.3104089,7090.125,106.9126456,3175.793333
한전,8062,제주시,동제주,화북동,47.95262097,24.07016129,1.843866171,53.875,88.41821561,2564.8125,44.38215613,1293.956875
한전,8063,제주시,산지,이도2동,52.08181603,25.26921337,7.860594796,236.75,409.394052,12381,198.6310471,5981.951875
한전,8124,서귀포시,한라,영천동,46.53074866,24.88478387,2.7858473,85,129.6275605,3952.4375,69.32520795,2125.365417
한전,8125,서귀포시,한라,영천동,43.10987379,21.94003959,2.503717472,76.3125,107.9349442,3278.375,54.93166047,1666.228542
한전,8185,제주시,한림,애월읍,39.04669988,18.03889166,2.985130112,91.3125,116.5594796,3595.3125,53.84843866,1647.37
한전,8186,제주시,한림,애월읍,38.77769836,14.4845828,2.605214153,79,101.0242086,3073.75,37.7354401,1113.711125
한전,8653,제주시,동제주,삼양동,50.77017461,20.14586755,3.93866171,116.8125,199.9665428,5943,79.34775713,2317.775
한전,8654,제주시,동제주,아라동,44.98571429,17.48785714,0.130597015,3.875,5.875,169.3125,2.28386194,65.4675
한전,8655,제주시,신제주,오라동,45.13356562,22.29572203,1.600371747,48.6875,72.23048327,2190.875,35.68144362,1088.094792
한전,8667,서귀포시,성산,성산읍,39.19796954,17.36545967,1.098513011,33.9375,43.05947955,1341.75,19.0761834,587.3910417
한전,8668,서귀포시,성산,성산읍,36.37192118,16.20637931,0.756052142,22.125,27.4990689,804.8125,12.25286778,351.9310417
한전,8669,서귀포시,안덕,대정읍,46.0123839,19.64582663,3.001858736,92.375,138.1226766,4264.5625,58.97399628,1818.128125
한전,8670,서귀포시,안덕,안덕면,37.76701822,12.7013263,1.93866171,58.875,73.21747212,2224.6875,24.62357497,722.6516667
한전,8671,서귀포시,안덕,안덕면,31.45777778,12.16782963,2.50929368,73.5,78.93680297,2306.4375,30.53265799,875.35625
한전,8701,제주시,신제주,노형동,36.29548694,15.54756136,3.912639405,122.1875,142.0111524,4473.75,60.83200124,1886.323542
한전,8702,제주시,신제주,노형동,38.90755008,16.27793015,3.618959108,114.875,140.8048327,4495.4375,58.90916357,1880.380625
한전,8767,제주시,신제주,외도동,55.25557012,20.44558322,1.426168224,44.5,78.80373832,2480.1875,29.15884112,909.7575
한전,8768,제주시,한림,한경면,37.47875354,16.57077841,1.968401487,59.9375,73.7732342,2247,32.61794486,990.7296458
한전,8769,제주시,한림,한경면,36.89673203,12.85569935,1.421933086,43.25,52.46468401,1604.1875,18.27994424,539.57875
한전,8770,서귀포시,안덕,안덕면,32.44277108,16.06573293,0.62406015,19.3125,20.2462406,625.8125,10.02598371,315.7545833
한전,8771,서귀포시,안덕,안덕면,32.33181818,14.97368182,0.41509434,12.6875,13.42075472,413.1875,6.215490566,191.829375
한전,8772,서귀포시,안덕,안덕면,45.53861789,20.08654472,1.828996283,56.9375,83.28996283,2605.5625,36.73821561,1145.465
한전,8773,서귀포시,안덕,안덕면,43.33890578,20.72288754,1.223048327,39.125,53.00557621,1698,25.34509294,813.225625
한전,8774,서귀포시,안덕,안덕면,44.26923077,18.60508097,0.918215613,27.625,40.64869888,1214.9375,17.08347584,504.0189583
한전,8794,제주시,동제주,아라동,41.94989263,13.17987115,2.601489758,78.25,109.132216,3354.8125,34.28729981,1024.03375
한전,8795,제주시,동제주,아라동,35.47014218,10.4323128,1.960966543,57.3125,69.55576208,2007,20.45741636,593.420625
한전,8813,제주시,산지,건입동,55.48655257,23.60557457,0.761638734,23.4375,42.26070764,1311.3125,17.97891993,554.480625
한전,8814,제주시,산지,건입동,55.38709677,23.50953405,0.52247191,15.625,28.93820225,881.0625,12.28307116,368.210625
한전,8819,서귀포시,신서귀,대륜동,43.50140619,21.29753449,4.626394052,141.6875,201.2546468,6137.625,98.53078686,3031.0725
한전,8820,서귀포시,신서귀,대륜동,50.46008503,18.94996851,3.934944238,117.5625,198.5576208,5903.5,74.56706939,2189.762083
한전,9705,제주시,한림,한경면,45.61020882,22.55447022,0.801115242,23.8125,36.53903346,1093.125,18.06872986,539.1497917
한전,9707,제주시,산지,이도1동,41.26593807,16.19067395,1.026168224,31.6875,42.34579439,1303.0625,16.61435514,507.869375
한전,9708,제주시,산지,이도1동,49.42595674,22.19128674,1.117100372,34.5625,55.21375465,1728.375,24.78989467,774.015
한전,9710,제주시,신제주,노형동,45.98188406,25.91240338,0.542239686,16.46666667,24.93320236,773.6,14.05073346,436.9262222
한전,9711,제주시,신제주,노형동,45.38483965,23.8225656,0.65085389,20.0625,29.53889943,902.625,15.50500949,467.265625
한전,9713,제주시,한림,한경면,46.25909753,16.10349102,2.553903346,77.5,118.1412639,3559.8125,41.1267596,1245.792708
한전,9715,서귀포시,안덕,안덕면,33.16687268,12.88514833,3.007434944,92.8125,99.7472119,3119.5,38.75124535,1201.014375
한전,9716,서귀포시,안덕,안덕면,33.53407683,15.52527055,3,95.5625,100.6022305,3213.5,46.57581165,1479.765833
한전,9718,서귀포시,한라,영천동,41.13981043,18.20467615,0.7858473,23.875,32.32960894,972.8125,14.30609559,440.0189583
한전,9719,서귀포시,한라,영천동,48.68627451,23.35457516,0.286516854,8.6875,13.9494382,434.3125,6.691479401,208.3575
한전,9721,서귀포시,한라,영천동,51.69206349,19.40003757,2.342007435,73.5,121.063197,3799.4375,45.43503222,1402.546708
한전,9722,서귀포시,한라,영천동,53.24847095,20.82765749,2.431226766,74.4375,129.4591078,4005.75,50.63675836,1541.95975
한전,9724,서귀포시,한라,동홍동,52.51552106,28.08577975,1.676579926,51.0625,88.0464684,2645.9375,47.08805452,1425.847708
한전,9725,서귀포시,한라,동홍동,50.91516245,26.82318291,1.041353383,33.125,53.02067669,1704.125,27.93241228,898.4216667
한전,9727,서귀포시,한라,남원읍,41.93856655,24.54065984,1.101503759,33.125,46.19548872,1400,27.03162907,818.0379167
한전,9728,서귀포시,한라,남원읍,40.71782178,23.68306931,0.759398496,22,30.92105263,910.25,17.98488722,533.42375
한전,9730,서귀포시,신서귀,대천동,43.29213483,23.93161049,0.175889328,5.266666667,7.614624506,235.7333333,4.209314888,128.7888889
한전,9731,서귀포시,신서귀,대천동,25.07142857,14.80142857,0.058947368,1.642857143,1.477894737,40.92857143,0.872505263,23.53714286
한전,9733,제주시,조천,구좌읍,47.95676047,21.03344772,2.708178439,83,129.8754647,4006.9375,56.96232962,1738.882708
한전,9737,제주시,동제주,아라동,45.20481928,26.55276104,0.619402985,18.8125,28,842.5625,16.44685945,496.3527083
한전,9738,제주시,동제주,아라동,49.35348837,27.48175194,0.405660377,12.5,20.02075472,623.875,11.14825786,346.115625
한전,9739,제주시,동제주,아라동,37.0857538,13.68840479,1.353932584,41.8125,50.21161049,1542.6875,18.53317728,567.9247917
한전,9769,제주시,산지,건입동,39.84236453,22.40420361,0.597058824,17.7,23.78823529,723.2,13.37662745,392.6613333
한전,9781,제주시,산지,이도2동,50.09735099,19.29454305,2.80669145,84.0625,140.6078067,4219.3125,54.153829,1604.25625
한전,9782,제주시,산지,이도2동,51.3828125,27.16519531,0.748538012,21.4,38.4619883,1081.6,20.33418129,577.801
한전,9784,서귀포시,안덕,대정읍,43.34788603,18.51056373,4.044609665,124.9375,175.3252788,5417.25,74.86800496,2331.213542
한전,9785,서귀포시,안덕,대정읍,42.79272959,16.64399872,2.914498141,89.25,124.7193309,3803.0625,48.50890335,1476.968125
한전,9786,서귀포시,안덕,대정읍,44.2619469,19.05824189,3.150557621,93.3125,139.4498141,4075.6875,60.04408922,1771.596875
한전,9787,서귀포시,안덕,대정읍,42.81217617,21.4070639,2.869888476,86.5625,122.866171,3699.4375,61.435886,1878.893333
한전,9795,제주시,한림,한경면,49.36774194,24.42768459,0.867537313,27.3125,42.82835821,1354.125,21.19192786,675.5202083
한전,9876,제주시,조천,구좌읍,36.56086957,13.86843478,0.52154195,16,19.06802721,588,7.232970522,222.5753846
환경부,㈜행운식품_01,제주시,조천,조천읍,34.95354952,14.25233129,3.126027397,97.8,109.2657534,3389.3,44.55317808,1365.599
제주특별자치도,감사위원회_01,서귀포시,신서귀,대륜동,29.57308585,14.865058,0.934924078,28.21428571,27.64859002,836.1428571,13.89770065,418.46
제주특별자치도,감사위원회_02,서귀포시,신서귀,대륜동,28.15755627,15.72983923,0.677559913,20.85714286,19.07843137,592.0714286,10.6579085,330.0242857
제주특별자치도,걸매축구장_01,서귀포시,한라,천지동,31.59106933,18.71362515,3.163568773,93.8125,99.94052045,2968.5,59.20184015,1758.11125
제주특별자치도,걸매축구장_02,서귀포시,한라,천지동,28.54768108,15.96858781,3.676245211,115.5625,104.9482759,3286.3125,58.70444444,1835.338125
제주특별자치도,고산동산공영주차장_01,제주시,산지,이도2동,32.01084011,14.4595935,2.713235294,82.66666667,86.85294118,2667.666667,39.23227941,1190.386667
제주특별자치도,고성2리경로당_01,제주시,한림,애월읍,28.76673866,14.61147948,3.448789572,106.125,99.21042831,3039.875,50.39191806,1546.33875
제주특별자치도,고용복지플러스센터_01,제주시,산지,이도1동,29.9445061,13.52674806,3.349442379,102.625,100.2973978,3077.1875,45.3070632,1393.438125
제주특별자치도,관음사_01,제주시,동제주,아라동,29.91907514,15.66479769,1.168918919,35.75,34.97297297,1069,18.31087838,567.5625
제주특별자치도,관음사_02,제주시,동제주,아라동,29.12121212,12.46712121,0.445945946,9.25,12.98648649,267.5,5.559662162,108.3525
제주특별자치도,광치기해변공영주차장_01,서귀포시,성산,성산읍,26.52542373,14.92859699,2.303687636,71.28571429,61.10629067,1897.357143,34.3908243,1062.715
제주특별자치도,광치기해변공영주차장_02,서귀포시,성산,성산읍,26.22483221,15.0575783,3.878524946,121.1428571,101.7136659,3191.785714,58.40119306,1828.447857
제주특별자치도,구억리마을회관_01,서귀포시,안덕,대정읍,29.62087912,14.91697802,1.246575342,32.5,36.92465753,1024,18.59513699,501.2725
제주특별자치도,구좌농공단지(제주이야기)_01,제주시,조천,구좌읍,29.41967213,14.53901639,0.567970205,17.25,16.70949721,504.25,8.257728119,245.62
제주특별자치도,구좌읍주민센터_01,제주시,조천,구좌읍,27.74055891,13.56380665,4.921933086,149,136.5371747,4123.75,66.7601487,2046.67625
제주특별자치도,구좌읍주민센터_06,제주시,조천,구좌읍,27.55528495,14.93072577,3.81598513,117.25,105.1505576,3220.3125,56.97542751,1777.74375
제주특별자치도,구좌읍주민센터_07,제주시,조천,구좌읍,26.26211073,14.42396626,4.29739777,130.25,112.8587361,3387.875,61.98552045,1863.336875
제주특별자치도,국토교통인재개발원 인근 공영주차장_01,서귀포시,신서귀,대륜동,28.88544153,14.74770883,2.869863014,73.25,82.89726027,2167.25,42.32390411,1090.3575
제주특별자치도,국토교통인재개발원 인근 공영주차장_02,서귀포시,신서귀,대륜동,30.84297521,14.5781405,1.680555556,45.25,51.83333333,1381,24.499375,639.5725
제주특별자치도,귀덕1리사무소_01,제주시,한림,한림읍,29.59482759,11.66818966,0.859259259,21,25.42962963,631.6666667,10.026,249.4733333
제주특별자치도,귀덕1리사무소_02,제주시,한림,한림읍,31.35443038,14.75240506,0.580882353,16.33333333,18.21323529,528.3333333,8.569411765,240.19
제주특별자치도,그루터기_01,제주시,동제주,삼양동,30.55555556,15.90731481,0.203007519,6.0625,6.203007519,188.0625,3.229304511,96.91875
제주특별자치도,근로자종합복지관 주차장_01,제주시,신제주,노형동,29.74875798,11.7301798,7.856877323,237.625,233.732342,7070.3125,92.16258364,2791.001875
제주특별자치도,근로자종합복지관 주차장_02,제주시,신제주,노형동,31.30308494,11.91865585,9.278810409,280.625,290.4553903,8789.625,110.590948,3285.618125
제주특별자치도,금악건강증진센터_01,제주시,한림,한림읍,28.52505967,15.22112172,1.841758242,55.78571429,52.53626374,1582.071429,28.03362637,845.4628571
제주특별자치도,금악리새마을회_01,제주시,한림,한림읍,30.08145106,13.89214921,2.715613383,83.125,81.68959108,2484.625,37.72570632,1140.16625
제주특별자치도,난산보건진료소_01,서귀포시,성산,성산읍,29.46875,16.11951923,0.904347826,27.57142857,26.65,807.2857143,14.57765217,438.6785714
제주특별자치도,남원 공영노외1주차장_01,서귀포시,한라,남원읍,31.89010989,18.42032967,0.733870968,21.66666667,23.40322581,735.3333333,13.51814516,421.2633333
제주특별자치도,남원 공영노외1주차장_02,서귀포시,한라,남원읍,29.49473684,17.72336842,0.650684932,16.25,19.19178082,479.5,11.53232877,297.005
제주특별자치도,남원생활체육관_01,서귀포시,한라,남원읍,28.44210526,15.29112281,1.78125,53.44444444,50.6625,1519.444444,27.2373125,836.2433333
제주특별자치도,남원읍사무소_01,서귀포시,한라,남원읍,27.60043873,14.4541053,5.931226766,181.8125,163.704461,5033.125,85.73057621,2635.584375
제주특별자치도,남원읍사무소_04,서귀포시,한라,남원읍,28.27959779,15.64052871,5.730483271,174.1875,162.0557621,4936.125,89.6277881,2713.99125
제주특별자치도,납읍리보건소_01,제주시,한림,애월읍,29.70273794,15.66057801,4.300934579,133.625,127.7495327,3977.6875,67.3551215,2067.061875
제주특별자치도,노형 e-편한세상_01,제주시,신제주,노형동,35.54897037,18.53518332,3.700743494,114.375,131.5576208,4056.625,68.59395911,2108.69625
제주특별자치도,노형 부영아파트 1단지_01,제주시,신제주,노형동,28.38611987,14.72651735,2.946096654,89.875,83.62825279,2536.875,43.38574349,1333.99625
제주특별자치도,노형 부영아파트 1단지_02,제주시,신제주,노형동,30.08252427,13.00911003,2.29739777,70.6875,69.11152416,2130.375,29.88710037,930.271875
제주특별자치도,노형2지구 공영주차장_01,제주시,신제주,노형동,30.28455285,15.1695122,1.937007874,43.33333333,58.66141732,1269.666667,29.38346457,580.8633333
제주특별자치도,노형뜨란채아파트_01,제주시,신제주,노형동,30.24548992,17.75517863,5.25464684,164.25,158.929368,4995,93.29719331,2924.14375
제주특별자치도,노형뜨란채아파트_02,제주시,신제주,노형동,29.82993432,17.67634635,5.37732342,164.375,160.4052045,4927.25,95.05143123,2913.93
제주특별자치도,노형부영3차아파트_01,제주시,신제주,노형동,29.97833224,16.70692055,2.830855019,87.875,84.86431227,2622.3125,47.29486989,1462.62125
제주특별자치도,노형제1공영주차장_01,제주시,신제주,노형동,26.87711313,14.93253414,11.43494424,348.625,307.33829,9350.25,170.7526952,5218.063125
제주특별자치도,노형제1공영주차장_02,제주시,신제주,노형동,28.82145084,13.70674496,8.942379182,270.625,257.732342,7797.75,122.5709108,3711.414375
제주특별자치도,누리터_01,제주시,한림,애월읍,29.04251969,14.88576378,1.449771689,45.23076923,42.10502283,1310.230769,21.5809589,664.0784615
제주특별자치도,누리터_02,제주시,한림,애월읍,29.15671642,14.41460199,0.91571754,28.07692308,26.69931663,820.3846154,13.19970387,393.6369231
제주특별자치도,느지리오름주차장_01,제주시,한림,한림읍,29.7,15.50128814,2.554112554,79,75.85714286,2363.142857,39.59203463,1220.611429
제주특별자치도,대륜동 문화복지센터_01,서귀포시,신서귀,대륜동,29.4078341,13.50406847,5.646840149,176.75,166.0613383,5198.25,76.25531599,2399.335
제주특별자치도,대정농공단지_01,서귀포시,안덕,대정읍,33.67298578,18.59890995,0.393656716,12.1875,13.25559701,411.25,7.321585821,228.958125
제주특별자치도,대진유토피아,서귀포시,신서귀,서홍동,34.16528926,16.82301653,1.2039801,39.4,41.13432836,1348,20.25457711,652.776
제주특별자치도,대포동경로당_01,서귀포시,신서귀,중문동,29.17456897,16.10396552,1.040358744,31.76923077,30.35201794,930.6923077,16.75390135,512.6592308
제주특별자치도,대한적십자 제주혈액원_01,제주시,산지,이도2동,26.91151425,14.15960385,5.020446097,152.8125,135.1078067,4103.125,71.08752788,2165.30625
제주특별자치도,대흘1리마을회관 맞은편 주차장_01,제주시,조천,조천읍,25.3516129,13.88356452,2.707423581,81.5,68.63755459,2069.071429,37.58868996,1130.072143
제주특별자치도,대흘2리마을회관_01,제주시,조천,구좌읍,27.74,15.44105,0.43956044,13.07142857,12.19340659,365.6428571,6.787274725,203.5014286
제주특별자치도,더럭초등학교주차장_01,제주시,한림,애월읍,26.4552909,14.45647794,4.760223048,146.5,125.9330855,3866.375,68.81605948,2104.148125
제주특별자치도,덕수리마을회관_01,서귀포시,안덕,안덕면,29.5707196,17.05466501,0.872294372,26.21428571,25.79437229,771.5,14.87668831,440.175
제주특별자치도,도두공영주차장_01,제주시,신제주,도두동,31.95387841,15.24381551,3.057692308,89.25,97.70512821,2879.5,46.61089744,1343.325
제주특별자치도,도련공영주차장_01,제주시,동제주,삼양동,32.44444444,17.67833333,1.032786885,29.71428571,33.50819672,957.1428571,18.25795082,511.2385714
제주특별자치도,도련공영주차장_02,제주시,동제주,삼양동,31.57589286,16.79321429,1.056603774,29,33.36320755,879.1666667,17.74377358,461.0183333
제주특별자치도,도로관리과_01,제주시,신제주,연동,33.36912752,16.68969799,2.207407407,61.66666667,73.65925926,2072.666667,36.84096296,1050.78
제주특별자치도,도장애인종합복지관_01,제주시,동제주,아라동,24.96541502,14.23288538,1.888059701,59.5625,47.13619403,1492.6875,26.87253731,850.076875
제주특별자치도,도청 제2청사 후문주차장_01,제주시,신제주,연동,30.32644316,13.21091253,7.373605948,224.4375,223.6152416,6781.875,97.4120632,2959.155625
제주특별자치도,도청 제2청사 후문주차장_02,제주시,신제주,연동,30.20579915,14.22198256,7.884758364,240.25,238.1654275,7235,112.1368959,3432.618125
제주특별자치도,돔베낭골노외공영주차장_01,서귀포시,신서귀,대륜동,26.15555556,11.88022222,0.381355932,9.333333333,9.974576271,230.3333333,4.53059322,106.97
제주특별자치도,동명아파트북측공영주차장_01,제주시,동제주,삼양동,32.95723684,14.11773026,2.054054054,53.5,67.69594595,1752.25,28.99858108,718.62
제주특별자치도,동복ESH주택_01,제주시,조천,구좌읍,32.42007435,12.06792751,2,60.75,64.8401487,1964.4375,24.13585502,730.32625
제주특별자치도,동부경찰서_01,제주시,산지,이도2동,30.01173354,15.92514383,4.910780669,154.0625,147.3810409,4613.1875,78.20488848,2463.775625
제주특별자치도,동부경찰서_02,제주시,산지,이도2동,31.20206999,14.57564317,3.771375465,111.3125,117.6747212,3478.3125,54.97022305,1627.125
제주특별자치도,동부종합사회복지관_01,서귀포시,성산,성산읍,30.9124424,13.69971198,1.616387337,50.3125,49.96648045,1560.0625,22.14404097,685.603125
제주특별자치도,동부종합사회복지관_02,서귀포시,성산,성산읍,31.79097387,15.11692399,3.130111524,97.6875,99.50929368,3092.125,47.31765799,1479.973125
제주특별자치도,동제주종합사회복지관_01,제주시,조천,구좌읍,33.16949153,13.52074153,1.757914339,54.125,58.30912477,1789.8125,23.7683054,737.705
제주특별자치도,동홍1주공아파트_01,서귀포시,한라,동홍동,32.35187058,17.62877654,1.859022556,56.875,60.14285714,1830.8125,32.77229323,1006.8775
제주특별자치도,동홍4주공아파트_01,서귀포시,한라,동홍동,28.66226138,16.4551395,1.272897196,39.25,36.48411215,1118.875,20.94570093,642.996875
제주특별자치도,동홍공영노외1주차장_01,서귀포시,한라,동홍동,29.34862385,15.36165138,0.801470588,21.33333333,23.52205882,627.3333333,12.31191176,327.1133333
제주특별자치도,동홍공영노외1주차장_02,서귀포시,한라,동홍동,29.78798587,13.11102473,2.19379845,64.33333333,65.34883721,1887,28.76294574,832.15
제주특별자치도,동홍공영노외2주차장_01,서귀포시,한라,동홍동,22.75,12.595,0.571428571,NaN,13,NaN,7.197142857,NaN
제주특별자치도,동홍아파트 5단지_01,서귀포시,한라,동홍동,24.73431373,15.35066667,1.902985075,57.5,47.06902985,1427.1875,29.21208955,887.58875
제주특별자치도,동홍아파트 5단지_02,서귀포시,한라,동홍동,24.65547562,13.10813749,2.32527881,71.1875,57.33085502,1736.125,30.48007435,916.93125
제주특별자치도,동홍아파트 5단지_03,서귀포시,한라,동홍동,28.9647541,14.30933607,2.267657993,70.25,65.68215613,2047.5,32.4486803,1011.000625
제주특별자치도,동홍아파트 5단지_04,서귀포시,한라,동홍동,25.48730964,15.94087563,1.464684015,44.3125,37.33085502,1140.0625,23.34834572,715.411875
제주특별자치도,동화초등학교 공영주차장_01,제주시,동제주,화북동,31.00807043,16.19120567,7.600371747,234.8125,235.6728625,7275.4375,123.0591822,3819.4925
제주특별자치도,머체왓숲길영농조합_01,서귀포시,한라,남원읍,30.73047619,16.14114286,1.955307263,61.4375,60.08752328,1910.125,31.56089385,994.9825
제주특별자치도,모로왓제2공영주차장_01,제주시,산지,일도2동,31.23337596,12.00053708,2.917910448,87.625,91.13619403,2725.375,35.01649254,1044.189375
제주특별자치도,모로왓제2공영주차장_02,제주시,산지,일도2동,35.2309613,18.17599667,4.466542751,135.25,157.3605948,4772.0625,81.18386617,2458.165
제주특별자치도,모로왓제2공영주차장_03,제주시,산지,일도2동,28.50530035,11.48664311,0.528971963,16,15.07850467,453.0625,6.07611215,182.2475
제주특별자치도,모로왓제2공영주차장_04,제주시,산지,일도2동,34.15409623,19.19884265,5.717472119,180.125,195.2750929,6150.4375,109.7688476,3484.805
제주특별자치도,모로왓제2공영주차장_05,제주시,산지,일도2동,26.23991507,11.52547771,0.875464684,26.9375,22.97211896,693.5625,10.0901487,309.68875
제주특별자치도,모로왓제2공영주차장_06,제주시,산지,일도2동,33.664844,20.35520103,5.778810409,181.9375,194.5427509,6125.5625,117.6288476,3720.12125
제주특별자치도,모로왓제2공영주차장_07,제주시,산지,일도2동,25.82670455,12.24789773,0.656716418,20.4375,16.9608209,525.75,8.043395522,249.7725
제주특별자치도,모슬포운진항_01,서귀포시,안덕,대정읍,27.35465711,15.44802456,4.220302376,130.3571429,115.4449244,3557,65.19533477,2004.866429
제주특별자치도,모슬포운진항_02,서귀포시,안덕,대정읍,28.51311647,15.79906611,2.05387931,61.92857143,58.5625,1763.714286,32.449375,976.9957143
제주특별자치도,무릉1리 다목적회관_01,서귀포시,안덕,대정읍,30.53,14.54395,1.115241636,34.375,34.04832714,1047.0625,16.22001859,496.076875
제주특별자치도,보성리사무소_01,서귀포시,안덕,대정읍,31.64267352,14.60532134,0.724394786,20.3125,22.92178771,635.625,10.58001862,287.483125
제주특별자치도,보성리사무소_02,서귀포시,안덕,대정읍,32.76688453,13.97457516,0.853159851,25.125,27.95539033,822.5,11.92254647,340.36625
제주특별자치도,부면동정류장 뒤 마을시설_01,제주시,한림,애월읍,27.38965517,13.00806897,1.080074488,33.6875,29.58286778,911.625,14.04968343,433.540625
제주특별자치도,사계포구공영주차장_01,서귀포시,안덕,안덕면,30.17718665,16.04782687,5.158139535,158.6923077,155.6581395,4838.230769,82.77693023,2551.037692
제주특별자치도,삼다수숲길주차장_01,제주시,조천,조천읍,24.74110169,13.99077119,5.108225108,155.7142857,126.3831169,3868.428571,71.46800866,2182.393571
제주특별자치도,삼달보건진료소_01,서귀포시,성산,성산읍,27.88596491,16.39761404,1.266666667,38.5,35.32222222,1077.857143,20.77031111,632.2178571
제주특별자치도,삼부장미아파트남측공영주차장,제주시,동제주,삼양동,31.92125984,15.17472441,1.739726027,52,55.53424658,1631,26.39986301,787.1625
제주특별자치도,삼양동주민센터_02,제주시,동제주,삼양동,27.51933333,14.35703111,8.364312268,258.625,230.1802974,7103.875,120.0866914,3745.1925
제주특별자치도,삼양해수욕장 인근공영주차장_01,제주시,동제주,삼양동,32.71394799,16.21059102,3.110294118,96,101.75,3200.666667,50.41970588,1589.376667
제주특별자치도,삼양해수욕장 인근공영주차장_02,제주시,동제주,삼양동,33.98380567,18.50477733,1.96031746,52.33333333,66.61904762,1755.666667,36.2752381,953.04
제주특별자치도,상효1동 마을회관_01,서귀포시,한라,영천동,35,14.42753247,0.57037037,17,19.96296296,593.6666667,8.229037037,236.6333333
제주특별자치도,생태관광지원센터_01,서귀포시,한라,남원읍,22.63636364,14.93454545,0.1375,3,3.1125,68,2.0535,46.14
제주특별자치도,서광서리복지회관_01,서귀포시,안덕,안덕면,28.97781721,16.65230701,2.439393939,74.85714286,70.68831169,2186.142857,40.6215368,1257.383571
제주특별자치도,서귀동 공영주차장(28-3)_01,서귀포시,한라,송산동,30.16593363,14.83221112,4.648698885,140.4375,140.232342,4273.375,68.95048327,2107.735625
제주특별자치도,서귀포 제2청사_01,서귀포시,신서귀,대륜동,26.73264706,13.87673235,6.343283582,196.8125,169.5727612,5252.3125,88.02404851,2735.489375
제주특별자치도,서귀포 제2청사_02,서귀포시,신서귀,대륜동,27.93995381,12.68414385,5.633828996,171.0625,157.4089219,4767.875,71.4602974,2172.338125
제주특별자치도,서귀포 테니스장_01,서귀포시,한라,동홍동,28.51917404,13.84431521,4.410780669,138.9375,125.7918216,3959.875,61.06423792,1925.48875
제주특별자치도,서귀포 테니스장_02,서귀포시,한라,동홍동,27.98321251,14.77737123,4.871747212,153.4375,136.3271375,4267.375,71.9916171,2270.165
제주특별자치도,서귀포공립요양원_01,서귀포시,한라,남원읍,29.28501229,16.5397543,0.882863341,26.85714286,25.85466377,785.5,14.60234273,441.8221429
제주특별자치도,서귀포공립요양원_02,서귀포시,한라,남원읍,27.7406639,16.01437759,1.045553145,30.92857143,29.00433839,869.2857143,16.74388286,505.7342857
제주특별자치도,서귀포소방서_02,서귀포시,신서귀,대륜동,32.10889396,12.73011973,3.260223048,101.5625,104.6821561,3262.3125,41.50302974,1303.330625
제주특별자치도,서귀포소방서_03,서귀포시,신서귀,대륜동,28.8522848,14.50499469,3.498141264,109.3125,100.929368,3154.125,50.74052045,1592.901875
제주특별자치도,서귀포시 일터나눔 자활센터_01,서귀포시,신서귀,대륜동,30.83472222,18.347875,1.345794393,42.375,41.49719626,1303.8125,24.69246729,770.634375
제주특별자치도,서귀포시 중앙교회_01,서귀포시,한라,동홍동,31.98287671,15.26506849,0.54887218,16.4375,17.55451128,522.1875,8.378571429,253.255625
제주특별자치도,서귀포시 중앙교회_02,서귀포시,한라,동홍동,29.62749446,16.42667406,0.844569288,25.5625,25.02247191,755.5625,13.87346442,416.261875
제주특별자치도,서귀포시서부종합사회복지관_01,서귀포시,안덕,대정읍,31.18740849,15.83170571,2.539033457,76.5,79.18587361,2374.9375,40.19723048,1216.30625
제주특별자치도,서귀포시서부종합사회복지관_02,서귀포시,안덕,대정읍,32.86661585,13.71347561,2.466165414,74.6875,81.05451128,2454.3125,33.81969925,1022.12375
제주특별자치도,서귀포시선거관리위원회_01,서귀포시,신서귀,대천동,26.44210526,11.50568421,0.703703704,18.33333333,18.60740741,511,8.096592593,213.61
제주특별자치도,서귀포시장애인회관_01,서귀포시,한라,송산동,30.64266667,16.21152,0.718390805,22.4375,22.01340996,688.0625,11.6462069,365.179375
제주특별자치도,서귀포시청_01,서귀포시,신서귀,서홍동,25.93967233,12.86821773,12.1394052,367.1875,314.8921933,9467.9375,156.2125093,4741.645
제주특별자치도,서귀포시청_02,서귀포시,신서귀,서홍동,26.32626189,12.35822421,10.16356877,310.625,267.5687732,8101.5625,125.6036617,3887.99625
제주특별자치도,서귀포예술의전당_02,서귀포시,한라,천지동,28.49948294,12.73996553,5.473584906,167.3125,155.9943396,4722.3125,69.73328302,2130.909375
제주특별자치도,서귀포장애인종합복지관_01,서귀포시,한라,영천동,29.85394352,14.88331061,1.908921933,59.25,56.98884758,1752.625,28.41107807,879.4875
제주특별자치도,서귀포향토오일시장_01,서귀포시,한라,동홍동,31.23902439,13.97112195,1.423611111,37.75,44.47222222,1189,19.88944444,548.5575
제주특별자치도,서귀포향토오일시장_02,서귀포시,한라,동홍동,28.12033195,14.16809129,1.662068966,41.75,46.73793103,1170,23.54834483,586.71
제주특별자치도,서부소방서 안덕 119센터_01,서귀포시,안덕,안덕면,26.51549755,14.25184339,1.141527002,35.5,30.26815642,932.375,16.26886406,498.716875
제주특별자치도,성내 공영주차장_01,제주시,산지,삼도2동,29.76530612,13.90520408,1.96,50.5,58.34,1534.75,27.2542,685.2725
제주특별자치도,성산공설묘지_01,서귀포시,성산,성산읍,22.36065574,11.78721311,0.455223881,10.33333333,10.17910448,229.6666667,5.365820896,120.0133333
제주특별자치도,성산공설묘지_02,서귀포시,성산,성산읍,27.72897196,13.3246729,0.798507463,29.33333333,22.14179104,838.3333333,10.63985075,408.6633333
제주특별자치도,성산보건지소_01,서귀포시,성산,성산읍,30.34375,14.67054688,2.031746032,57.66666667,61.65079365,1764.333333,29.8068254,845.2666667
제주특별자치도,성산보건지소_02,서귀포시,성산,성산읍,30.14320388,13.60337379,3.074626866,92.66666667,92.67910448,2721.666667,41.82529851,1204.96
제주특별자치도,성산읍노인복지회관_01,서귀포시,성산,성산읍,28.82080925,16.06111753,0.964684015,29.625,27.80297398,858.125,15.49390335,480.62375
제주특별자치도,성산읍노인복지회관_02,서귀포시,성산,성산읍,30.48372093,12.88297674,2.411214953,74.75,73.50280374,2284.1875,31.06362617,960.261875
제주특별자치도,성산읍사무소_01,서귀포시,성산,성산읍,27.05822449,14.45375028,8.395910781,262.5,227.1784387,7037.125,121.3523978,3796.221875
제주특별자치도,성산읍사무소_02,서귀포시,성산,성산읍,28.47182867,14.59497529,5.672897196,170.1875,161.517757,4841.4375,82.79579439,2482.335
제주특별자치도,성산읍사무소_05,서귀포시,성산,성산읍,28.27813163,11.70319002,3.508379888,106.6875,99.21042831,3014.0625,41.0592365,1236.005625
환경부,성산일출봉 공영주차장_01,서귀포시,성산,성산읍,35.70114943,13.59373563,5.612903226,NaN,200.3870968,NaN,76.30032258,NaN
환경부,성산일출봉 공영주차장_02,서귀포시,성산,성산읍,36.3196347,12.96342466,7.064516129,NaN,256.5806452,NaN,91.58032258,NaN
환경부,성산항 공영주차장_01,서귀포시,성산,성산읍,33.19253209,16.15276546,2.407303371,75,79.90449438,2466.3,38.88460674,1193.361
환경부,성산항 공영주차장_02,서귀포시,성산,성산읍,24.0738255,17.72416107,1.024054983,32.5,24.65292096,802.875,18.15051546,586.0225
환경부,성산항 공영주차장_03,서귀포시,성산,성산읍,33.45276292,16.07504456,1.726153846,52.44444444,57.74461538,1746.888889,27.748,825.3555556
환경부,성산항 공영주차장_04,서귀포시,성산,성산읍,29.84191176,19.71481618,0.747252747,22,22.29945055,651.1,14.73195055,430.567
환경부,성산항 공영주차장_52,서귀포시,성산,성산읍,30.48070175,20.03014035,0.782967033,23.8,23.86538462,712.7,15.68293956,482.855
환경부,성산항 공영주차장_54,서귀포시,성산,성산읍,30.3800905,21.01052036,1.210958904,36.2,36.7890411,1098.7,25.44287671,764.104
환경부,성읍119지역센터_01,서귀포시,표선,표선면,21.42105263,16.94947368,0.633333333,NaN,13.56666667,NaN,10.73466667,NaN
제주특별자치도,성읍문화마을 주차장_01,서귀포시,표선,표선면,30.6259542,18.18358779,0.97761194,26.66666667,29.94029851,827,17.77649254,488.8366667
제주특별자치도,성읍민속마을주차장_01,서귀포시,표선,표선면,28.12727273,16.03941126,2.494600432,76.07142857,70.1663067,2143.357143,40.01192225,1220.941429
제주특별자치도,성읍민속마을주차장_02,서귀포시,표선,표선면,26.98159509,14.8487993,2.464362851,76.07142857,66.4924406,2057.857143,36.59282937,1136.707143
제주특별자치도,성읍보건진료소_01,서귀포시,표선,표선면,23.39417178,13.57513804,1.423580786,44,33.30349345,1037.785714,19.32530568,602.6564286
제주특별자치도,세화리사무소_01,제주시,조천,구좌읍,30.4645799,17.44616694,3.993421053,123.0714286,121.6578947,3748.714286,69.66989035,2138.206429
환경부,소공원 주차장_21,제주시,한림,한림읍,28.82485876,22.89587571,0.917098446,26.2,26.43523316,730.2,20.99777202,580.928
환경부,소공원 주차장_22,제주시,한림,한림읍,28.67625899,20.79701439,1.440414508,37.8,41.30569948,1091.4,29.95632124,799.242
제주특별자치도,소망요양원_01,제주시,조천,구좌읍,26.22368421,13.98881579,0.142589118,4.3125,3.739212008,113.625,1.994652908,60.426875
제주특별자치도,송악도서관 입구주차장_01,서귀포시,안덕,대정읍,31.58733722,16.47151774,4.799568966,149.6428571,151.6056034,4734.285714,79.05618534,2464.524286
제주특별자치도,송악산공영주차장_01,서귀포시,안덕,대정읍,33.29146341,12.29641463,3.082706767,88.3125,102.6278195,2949.625,37.9062406,1064.49
제주특별자치도,송악산공영주차장_02,서귀포시,안덕,대정읍,32.85212033,14.14765495,5.176360225,164.5,170.054409,5399.0625,73.23335835,2324.419375
환경부,수덕공영주차장_01,제주시,신제주,노형동,27.69628199,15.41520039,3.849442379,113.8125,106.6152416,3184.4375,59.33992565,1767.23625
제주특별자치도,수망리다목적회관_01,서귀포시,한라,남원읍,31.04539386,13.53252336,1.394785847,42.375,43.30167598,1333.6875,18.87497207,579.105
제주특별자치도,수산보건진료소_01,서귀포시,성산,성산읍,24.63803681,14.80554192,2.187919463,70.46153846,53.90604027,1738.923077,32.39333333,1048.88
제주특별자치도,시민복지타운 공영주차장_01,제주시,산지,이도2동,29.42402502,13.31142568,10.10408922,304.5,297.302974,8922.1875,134.4998327,4067.433125
제주특별자치도,시민복지타운 공영주차장_02,제주시,산지,이도2동,29.43427835,13.77223306,10.09665428,304.75,297.1877323,8958.6875,139.0534758,4189.353125
제주특별자치도,신도보건진료소_01,서귀포시,안덕,대정읍,30.41960784,13.7215098,0.969581749,29.5,29.49429658,899.625,13.30412548,403.1025
제주특별자치도,신례리공영주차장_01,서귀포시,한라,남원읍,28.36923077,14.21838462,0.896551724,27,25.43448276,742.75,12.74751724,375.4
제주특별자치도,신례리공영주차장_02,서귀포시,한라,남원읍,24.88888889,9.898888889,0.5625,NaN,14,NaN,5.568125,NaN
제주특별자치도,신산동경로당_01,제주시,조천,구좌읍,26.50578035,13.83656069,0.77752809,25.30769231,20.60898876,667.8461538,10.75831461,344.3215385
제주특별자치도,신산리마을회관_01,서귀포시,성산,성산읍,29.9488189,19.01545276,1.123893805,34.14285714,33.65929204,1027.357143,21.37134956,652.0378571
제주특별자치도,신산청소년문화의집_01,서귀포시,성산,성산읍,33.88401254,10.91822362,1.778810409,55.875,60.2732342,1884.1875,19.42144981,602.058125
제주특별자치도,신제주공영주차장_01,제주시,신제주,연동,31.71472868,15.31220155,4.358108108,126,138.2162162,3975.75,66.73222973,1910.155
제주특별자치도,신제주공영주차장_02,제주시,신제주,연동,32.81753555,15.61864929,2.851351351,71,93.57432432,2344.5,44.53425676,1047.9275
제주특별자치도,신풍보건진료소_01,서귀포시,성산,성산읍,28.05089059,16.2216285,0.879194631,29,24.66219239,811.2307692,14.26196868,467.3423077
환경부,신화역사공원 조성사업_01,서귀포시,안덕,안덕면,27.17037037,19.97348148,0.384615385,11.3,10.45014245,309.8,7.682108262,233.733
환경부,신화역사공원 조성사업_02,서귀포시,안덕,안덕면,26.00564972,20.12338983,0.497191011,15,12.92977528,385.5,10.00516854,306.601
환경부,신화역사공원 조성사업_03,서귀포시,안덕,안덕면,26.64,20.4232,0.436046512,7.5,11.61627907,193.5,8.905465116,157.99
환경부,신화역사공원 조성사업_04,서귀포시,안덕,안덕면,27.48888889,18.66522222,0.501392758,9.8,13.78272981,254.4,9.358607242,185.013
환경부,신흥2리 리사무소_01,서귀포시,한라,남원읍,26.43646409,18.95149171,1.222972973,36,32.33108108,887,23.17716216,661.48
제주특별자치도,신흥리공영주차장_01,제주시,조천,조천읍,31.79856115,11.69402878,1.878378378,52,59.72972973,1671,21.96581081,573.24
제주특별자치도,신흥보건진료소_01,서귀포시,한라,남원읍,31.04990403,18.18241843,1.127705628,35.07142857,35.01515152,1097.857143,20.50441558,641.7435714
제주특별자치도,심인요양원_01,제주시,신제주,노형동,28.88118812,16.76915842,0.434408602,13,12.54623656,381.3571429,7.284666667,221.8285714
제주특별자치도,아라119안전센터_01,제주시,동제주,아라동,24.65147783,12.27715517,1.75,52.5,43.14008621,1308.785714,21.48502155,647.4021429
제주특별자치도,아라동공영주차장_01,제주시,동제주,아라동,30.25281426,16.76420732,3.962825279,122.5625,119.8866171,3700.4375,66.43362454,2047.9475
제주특별자치도,아라동사무소_01,제주시,동제주,아라동,28.37924564,12.33152937,9.905204461,297.5625,281.1022305,8489.3125,122.1463197,3615.11625
환경부,아라지구 공영주차장_01,제주시,동제주,아라동,31.91480543,15.47127101,11.89863014,354.3,379.7424658,11188.5,184.0869315,5456.222
환경부,아시아CGI애니메이션센터_21,서귀포시,한라,동홍동,32.71637427,20.52033138,2.810958904,85.2,91.96438356,2776.8,57.68180822,1750.907
환경부,아시아CGI애니메이션센터_22,서귀포시,한라,동홍동,33.8073149,20.08663693,3.071232877,91.1,103.830137,3059.5,61.69073973,1820.53
환경부,안덕면사무소_01,서귀포시,안덕,안덕면,29.10090556,11.56166882,2.123626374,66.6,61.79945055,1966.9,24.55266484,789.564
환경부,안덕면사무소_11,서귀포시,안덕,안덕면,25.53333333,19.67614815,1.854395604,57,47.3489011,1461.5,36.48736264,1137.025
환경부,안덕면사무소_12,서귀포시,안덕,안덕면,30.04255319,23.58025836,1.802739726,56.5,54.15890411,1654.2,42.50906849,1335.035
환경부,안덕우체국 뒤 주차장_01,서귀포시,안덕,안덕면,33.87696119,13.84927333,3.317808219,98.5,112.3972603,3318,45.94923288,1347.38
환경부,애월국민체육센터_21,제주시,한림,애월읍,30.48425197,26.44377953,1.316062176,36.8,40.11917098,1107.6,34.80165803,999.448
환경부,애월국민체육센터_22,제주시,한림,애월읍,31.00673401,24.20131313,2.020408163,59.33333333,62.6462585,1807,48.89653061,1416.44
제주특별자치도,애월읍사무소_01,제주시,한림,애월읍,26.36946039,13.51873249,9.365591398,283.1428571,246.9655914,7462,126.6109247,3782.959286
환경부,애월읍사무소_11,제주시,한림,애월읍,29.70190896,15.63446402,3.731506849,107.7,110.8328767,3157.3,58.34010959,1730.05
환경부,애월읍사무소_12,제주시,한림,애월읍,28.94928479,15.94171651,4.21369863,119.4,121.9835616,3426.7,67.17358904,1983.079
제주특별자치도,애월체육관_03,제주시,한림,애월읍,26.55967946,13.64613665,7.12012012,214.7777778,189.1081081,5690.444444,97.16213213,2905.786667
제주특별자치도,약천사_01,서귀포시,신서귀,중문동,28.24472574,14.36455696,3.485294118,110.6666667,98.44117647,3164.666667,50.06470588,1586.87
환경부,양지(추모)공원_11,제주시,동제주,아라동,21.7761194,18.29761194,0.553719008,17,12.05785124,362.8,10.13173554,318.93
환경부,양지(추모)공원_12,제주시,동제주,아라동,23.32236842,18.58848684,0.444444444,13.3,10.36549708,310.1,8.261549708,252.482
제주특별자치도,양지공원_01,제주시,동제주,아라동,27.09427313,11.97875771,2.121495327,64.6875,57.48037383,1744.25,25.4128785,780.13125
제주특별자치도,에코촌 유스호스텔_01,제주시,조천,조천읍,22.33124019,10.92945055,1.188432836,36.9375,26.5391791,835.375,12.98891791,404.585
제주특별자치도,연동 대림2차 아파트_01,제주시,신제주,연동,33.02681992,17.98710728,0.990512334,30.1875,32.71347249,995.1875,17.81645161,544.77625
환경부,영락교회 인근 공영주차장_01,제주시,산지,일도2동,31.16987741,13.47581874,6.257534247,193.5,195.0465753,5990.8,84.32539726,2636.741
환경부,영락리사무소_01,서귀포시,안덕,대정읍,25.68253968,19.18777778,0.425675676,11,10.93243243,266.6666667,8.16777027,206.27
제주특별자치도,영평하동 마을회관_01,제주시,동제주,아라동,28.80879346,14.80825153,1.824626866,57,52.56529851,1641.8125,27.01953358,835.251875
제주특별자치도,오라동주민센터_02,제주시,신제주,오라동,27.12421683,11.49832471,6.823420074,209.625,185.0799257,5663.5625,78.45789963,2401.745
환경부,오일시장 일대 공영주차장_01,제주시,신제주,도두동,34.12368658,12.6572921,9.126027397,272.4,311.4136986,9278.1,115.5107945,3329.166
환경부,오일시장 일대 공영주차장_21,제주시,신제주,도두동,30.125,20.18727848,2.367041199,78,71.3071161,2330.714286,47.78411985,1578.811429
환경부,오일시장 일대 공영주차장_22,제주시,신제주,도두동,29.78558559,19.16742342,2.025547445,68.71428571,60.33211679,2043.142857,38.82452555,1336.16
환경부,오일장 인근 주차장_01,제주시,조천,구좌읍,35.55605719,12.99056433,3.64109589,104,129.4630137,3712,47.29989041,1340.642
제주특별자치도,오조리종합복지회관_01,서귀포시,성산,성산읍,29.97333333,17.41469333,1.623376623,49.57142857,48.65800866,1487.857143,28.27060606,860.4707143
제주특별자치도,온평리사무소_01,서귀포시,성산,성산읍,31.232,14.65220571,1.626394052,47.1875,50.79553903,1473.75,23.83026022,695.813125
제주특별자치도,옹포리사무소_01,제주시,한림,한림읍,29.94562447,11.92037383,2.187732342,67.125,65.51301115,1997.4375,26.07858736,778.000625
제주특별자치도,와흘리사무소_01,제주시,조천,조천읍,31.41566265,18.75473896,1.087336245,32.35714286,34.15938865,1016.571429,20.39270742,608.0492857
환경부,외도119센터_01,제주시,신제주,외도동,27.48148148,25.40787037,0.737201365,19.875,20.25938567,561.5,18.73071672,538.2475
환경부,외도119센터_02,제주시,신제주,외도동,28.2690678,23.43264831,1.583892617,45.625,44.77516779,1257.5,37.11479866,1086.46375
환경부,외도구획정리지구 공영주차장_01,제주시,신제주,외도동,35.07662338,12.76263636,8.438356164,245.4,295.9890411,8503.8,107.6956712,3221.246
제주특별자치도,외도구획정리지구공영주차장_01,제주시,신제주,외도동,31.91732283,15.61585302,5.148648649,150.25,164.3310811,4768,80.40054054,2311.315
제주특별자치도,외도구획정리지구공영주차장_02,제주시,신제주,외도동,32.67771084,14.57512048,2.243243243,60.25,73.30405405,1978.5,32.69554054,854.85
제주특별자치도,외도동 공영주차장_01,제주시,신제주,외도동,26.65133837,14.31497255,5.539923954,171.9375,147.6463878,4539.4375,79.30385932,2448.533125
제주특별자치도,외도동생활문화센터_01,제주시,신제주,외도동,28.47316103,15.67693439,4.67472119,140.6875,133.1040892,3975.9375,73.2852974,2195.866875
제주특별자치도,용담1동노인복지회관_01,제주시,산지,용담1동,28.47776994,14.87300635,3.047311828,93.35714286,86.78064516,2648.928571,45.32268817,1386.141429
환경부,용담1동주민센터_11,제주시,산지,용담1동,35.01760104,21.75729465,4.202739726,127.7,147.169863,4433.9,91.44024658,2847.382
환경부,용담1동주민센터_12,제주시,산지,용담1동,33.74141414,22.51322727,5.424657534,165.6,183.0356164,5563.3,122.1265479,3822.011
제주특별자치도,용담2동 주민센터_01,제주시,산지,용담2동,29.35722071,11.08502452,6.847014925,211.4375,201.0093284,6176.625,75.89932836,2341.695625
환경부,용두암 공영주차장_01,제주시,산지,용담2동,26.18108883,17.60584527,4.780821918,146.8,125.1671233,3857.6,84.17041096,2588.552
환경부,용암해수산업화지원센터 2호관_21,제주시,조천,구좌읍,30.87843137,26.27894118,0.700549451,22.6,21.63186813,703.1,18.4096978,602.201
환경부,용암해수산업화지원센터 2호관_22,제주시,조천,구좌읍,32.93,24.36285,0.549450549,13.4,18.09340659,424,13.38618132,344.246
환경부,용암해수산업화지원센터_01,제주시,조천,구좌읍,28.12524851,14.83785288,1.381868132,43.3,38.86538462,1212.3,20.50395604,652.029
제주특별자치도,용운동복지회관_01,제주시,한림,한림읍,27.66987488,15.70004812,2.239224138,69.21428571,61.95905172,1918.857143,35.15592672,1081.966429
제주특별자치도,우당도서관_01,제주시,산지,건입동,29.52944063,14.10842983,4.569506726,146.3846154,134.9349776,4309.769231,64.46856502,2049.490769
제주특별자치도,우당도서관_02,제주시,산지,건입동,28.75,13.65927885,4.653243848,149.5384615,133.7807606,4297.384615,63.55995526,2034.444615
제주특별자치도,우성아파트 1단지,제주시,산지,일도2동,34.00330033,17.34719472,1.449760766,41.16666667,49.29665072,1404.5,25.1492823,710.7833333
제주특별자치도,우주전파센터_01,제주시,한림,한림읍,29.03609342,14.61023355,1.015086207,32,29.47413793,922.9285714,14.83064655,460.115
환경부,월드컵경기장 인근 공영주차장_01,서귀포시,신서귀,대륜동,32.57635675,14.82749264,6.512328767,194.5,212.1479452,6304.3,96.56150685,2876.011
환경부,월드컵경기장_21,서귀포시,신서귀,대륜동,29.81333333,22.13435556,1.849315068,55,55.13424658,1633.5,40.93339726,1260.489
환경부,월드컵경기장_22,서귀포시,신서귀,대륜동,30.48777648,22.25371362,2.353424658,69.4,71.75068493,2090.4,52.37243836,1565.397
환경부,월드컵경기장_23,서귀포시,신서귀,대륜동,30.75453677,22.99059217,3.00862069,92.2,92.52873563,2808,69.16997126,2119.447
환경부,월드컵경기장_24,서귀포시,신서귀,대륜동,27.81410256,21.0827381,3.146974063,96.9,87.53025937,2662.9,66.34682997,2029.566
제주특별자치도,월평마을회관(다목적건물)_01,서귀포시,신서귀,대천동,30.85235732,15.8075062,1.506542056,46.875,46.48037383,1447.25,23.8146729,737.64
제주특별자치도,월평마을회관(다목적건물)_02,서귀포시,신서귀,대천동,30.94454713,15.96131238,1.020754717,31.5,31.58679245,969.75,16.29258491,501.573125
제주특별자치도,위미2리 다목적회관_01,서귀포시,한라,남원읍,31.38548753,14.02970522,0.819702602,25.625,25.7267658,811.9375,11.50018587,353.95125
제주특별자치도,위미2리사무소_01,서귀포시,한라,남원읍,29.44642082,16.08809111,4.284386617,133.0625,126.1598513,3920.4375,68.92760223,2145.981875
제주특별자치도,위미3리사무소_01,서귀포시,한라,남원읍,29.86548223,15.37705584,1.464684015,44.5625,43.74349442,1344.1875,22.52252788,686.3125
환경부,위미의례회관_01,서귀포시,한라,남원읍,29.72108844,12.81154762,1.610958904,45.8,47.87945205,1409.5,20.63887671,608.718
환경부,유수암리사무소_21,제주시,한림,애월읍,33.2,22.32896296,0.699481865,19,23.22279793,622.6,15.61870466,420.83
환경부,유수암리사무소_22,제주시,한림,애월읍,29.58955224,24.92962687,0.911564626,27,26.97278912,732.6666667,22.72496599,662.0566667
제주특별자치도,의귀교회 인근 공영주차장_01,서귀포시,한라,남원읍,32.48048048,17.45948949,0.618959108,19.25,20.10408922,620.5625,10.80671004,332.66375
제주특별자치도,의귀교회 인근 공영주차장_02,서귀포시,한라,남원읍,29.21212121,16.68555556,0.187145558,5.875,5.466918715,174.0625,3.122627599,100.0125
제주특별자치도,의귀보건진료소_01,서귀포시,한라,남원읍,30.18983957,18.06016043,0.807775378,25.07142857,24.38660907,756.0714286,14.58855292,451.0592857
제주특별자치도,이도2동공영주차장,제주시,산지,이도2동,34.22922636,15.09598854,1.412955466,44.14285714,48.36437247,1521.428571,21.32995951,676.2042857
제주특별자치도,이도2지구공영주차장_01,제주시,산지,이도2동,31.02585034,14.07032653,5,145.5,155.1292517,4540.5,70.35163265,2009.815
제주특별자치도,이도빌리지_01,제주시,동제주,아라동,30.88621444,18.02980306,0.872137405,25.625,26.9370229,800,15.72446565,466.291875
제주특별자치도,이도이동 복층화 공영주차장_01,제주시,산지,이도2동,28.83798556,12.09974819,9.522304833,291.375,274.6040892,8384.0625,115.2174907,3522.551875
제주특별자치도,이도이동 복층화 공영주차장_02,제주시,산지,이도2동,27.13017356,14.43070093,8.353159851,254.4375,226.6226766,6879.125,120.5419517,3666.88
제주특별자치도,이도이동노외공영주차장_01,제주시,산지,이도2동,31.92978723,16.27806383,3.175675676,93,101.3986486,2996,51.69385135,1514.9875
환경부,이도주민센터_01,제주시,산지,이도1동,34.96533093,15.50009005,6.084931507,181.3,212.7616438,6295.9,94.3169863,2804.502
환경부,이호동 주민센터_01,제주시,신제주,이호동,31.91080402,13.33937186,6.542465753,200,208.7753425,6323,87.27238356,2667.531
제주특별자치도,인재개발원_03,제주시,동제주,아라동,28.26937101,12.29597083,4.08566108,127.125,115.4990689,3569.625,50.23716946,1557.98875
제주특별자치도,인재개발원_04,제주시,동제주,아라동,25.22000725,14.18391809,5.137802607,160,129.575419,4025.5,72.87417132,2252.094375
제주특별자치도,인제공영주차장_01,제주시,산지,일도2동,30.95581395,13.8477093,4.114832536,121.6666667,127.3779904,3781.333333,56.98100478,1651.598333
제주특별자치도,인제공영주차장_02,제주시,산지,일도2동,31.15327565,14.98119901,3.870813397,118.5,120.5885167,3704,57.98942584,1768.196667
제주특별자치도,일과1리복지회관_01,서귀포시,안덕,대정읍,27.63978495,14.18182796,0.408791209,12.28571429,11.2989011,338.7857143,5.797406593,172.4935714
제주특별자치도,일도대림1차아파트_01,제주시,산지,일도2동,28.3768997,17.5481079,2.47834275,76.9375,70.32768362,2172.6875,43.49022599,1344.53125
제주특별자치도,일도삼주아파트_01,제주시,산지,일도2동,30.92452026,14.60430704,4.358736059,133.4375,134.7918216,4126.9375,63.6563197,1990.0325
환경부,일출랜드_11,서귀포시,성산,성산읍,27.57692308,18.49166667,0.433333333,12.8,11.95,344.4,8.013055556,238.107
환경부,일출랜드_12,서귀포시,성산,성산읍,26.92899408,19.82420118,0.466850829,14.6,12.5718232,392.4,9.254944751,296.764
제주특별자치도,자광원_01,서귀포시,신서귀,중문동,33.03345725,16.19594796,1.001862197,31,33.09497207,1016.0625,16.22610801,497.221875
제주특별자치도,장전리사무소_01,제주시,한림,애월읍,27.42693191,14.99836266,2.841304348,85.78571429,77.92826087,2363.357143,42.61491304,1288.629286
환경부,저지 다온빌라 공용주차장_21,제주시,한림,한경면,30.8,23.424,0.147058824,NaN,4.529411765,NaN,3.444705882,NaN
환경부,저지 다온빌라 공용주차장_22,제주시,한림,한경면,14.66666667,13.175,0.333333333,NaN,4.888888889,NaN,4.391666667,NaN
제주특별자치도,정방동공영주차장_01,서귀포시,한라,정방동,31.28421447,16.45652043,4.957249071,151.375,155.0836431,4698.8125,81.57907063,2483.2825
제주특별자치도,정방동공영주차장_02,서귀포시,한라,정방동,31.06352941,15.70908235,2.374301676,73.0625,73.75418994,2252.9375,37.29810056,1145.268125
제주특별자치도,정방동공영주차장_03,서귀포시,한라,정방동,31.56376812,16.61842029,1.314285714,39.375,41.48380952,1243.25,21.84135238,654.630625
제주특별자치도,정방동문화의집_01,서귀포시,한라,정방동,27.17234043,14.2672766,1.753731343,54.4375,47.65298507,1483.8125,25.02097015,779.84875
제주특별자치도,정존공영주차장_01,제주시,신제주,노형동,26.27934272,12.65590376,3.449392713,106.2857143,90.64777328,2812.428571,43.65518219,1363.022857
제주특별자치도,정존공영주차장_02,제주시,신제주,노형동,29.87002653,14.9701061,1.53877551,47.14285714,45.96326531,1412.142857,23.03563265,709.8371429
제주특별자치도,정존공영주차장_03,제주시,신제주,노형동,27.43027888,12.31677291,2.032388664,61.28571429,55.74898785,1666.857143,25.03246964,760.3842857
제주특별자치도,정존공영주차장_04,제주시,신제주,노형동,29.91489362,15.75015957,0.773662551,23,23.14403292,698.1428571,12.18530864,354.4257143
제주특별자치도,정존공영주차장_05,제주시,신제주,노형동,29.02836879,13.27643026,1.712550607,49.14285714,49.71255061,1464.285714,22.7365587,676.04
제주특별자치도,정존공영주차장_06,제주시,신제주,노형동,30.18396226,13.11339623,1.723577236,52.71428571,52.02439024,1577.285714,22.60195122,702.0114286
제주특별자치도,정혜재활원_01,서귀포시,한라,영천동,32.84489796,13.98926531,0.459662289,13.9375,15.09756098,472.375,6.430337711,198.1625
환경부,제스코 서귀포점_11,서귀포시,한라,영천동,24.86215539,17.68654135,2.192307692,65.1,54.50549451,1602.1,38.77434066,1169.626
환경부,제스코 서귀포점_12,서귀포시,한라,영천동,26.92282958,19.10318328,2.556164384,76.3,68.81917808,2026.4,48.83087671,1500.871
환경부,제스코마트_01,제주시,산지,이도2동,28.31373556,18.58944544,10.67123288,319,302.1424658,8963.2,198.3723014,6062.24
환경부,제스코마트_11,제주시,산지,이도2동,29.00809465,20.35872354,4.4,130.1,127.6356164,3721,89.57838356,2692.841
환경부,제스코마트_12,제주시,산지,이도2동,30.15326538,22.11936957,7.257534247,216.2,218.8383562,6416,160.5320822,4846.299
환경부,제주 청소년수련원 도로변 주차장_21,제주시,한림,한림읍,28.5625,21.093125,0.161616162,0.2,4.616161616,0.6,3.408989899,0.422
환경부,제주 청소년수련원 도로변 주차장_22,제주시,한림,한림읍,30.81818182,20.63,0.594594595,NaN,18.32432432,NaN,12.26648649,NaN
환경부,제주4.3평화재단 공원_41,제주시,동제주,봉개동,28.97260274,21.55369863,0.215339233,6.8,6.238938053,194.5,4.641356932,145.182
환경부,제주4.3평화재단 공원_42,제주시,동제주,봉개동,28.07614213,20.70548223,0.569364162,16.9,15.98554913,465.8,11.78895954,356.114
환경부,제주4.3평화재단 공원_43,제주시,동제주,봉개동,28.9133574,22.82220217,0.760989011,24.3,22.00274725,692.2,17.36744505,550.773
환경부,제주4.3평화재단 공원_44,제주시,동제주,봉개동,29.62755102,21.70579082,1.076923077,33.1,31.90659341,973,23.37546703,708.968
제주특별자치도,제주4·3평화공원_01,제주시,동제주,봉개동,28.90845481,13.11104373,3.187732342,96.9375,92.15241636,2781.1875,41.79449814,1267.185625
환경부,제주감귤농협유통사업단(2유통센터)_21,서귀포시,한라,남원읍,29.53333333,29.232,0.517241379,NaN,15.27586207,NaN,15.12,NaN
환경부,제주감귤농협유통사업단(2유통센터)_22,서귀포시,한라,남원읍,25.66666667,22.54444444,0.333333333,NaN,8.555555556,NaN,7.514814815,NaN
제주특별자치도,제주공천포전지훈련센터_01,서귀포시,한라,남원읍,31.48159509,14.40719325,1.2141527,37.5625,38.22346369,1180.5,17.49253259,539.134375
제주특별자치도,제주공천포전지훈련센터_02,서귀포시,한라,남원읍,32.53287197,14.42489043,1.620560748,49.75,52.72149533,1610.5,23.37641121,713.77
제주특별자치도,제주교도소 민원인 주차장_01,제주시,신제주,오라동,29.81753555,16.80315956,2.36635514,72.875,70.5588785,2171.25,39.76224299,1225.486875
환경부,제주국제대학교_21,제주시,동제주,아라동,29.35844156,26.29828571,1.060606061,32.4,31.13774105,941.3,27.89212121,845.565
환경부,제주국제대학교_22,제주시,동제주,아라동,32.27758007,24.90149466,0.819241983,22.7,26.44314869,716.2,20.40034985,571.182
환경부,제주국제대학교_23,제주시,동제주,아라동,29.38111888,24.31699301,0.790055249,24,23.21270718,683.8,19.21176796,581.44
환경부,제주국제대학교_24,제주시,동제주,아라동,33.04575893,26.34295759,2.461538462,74.5,81.34340659,2445.1,64.8442033,1971.315
환경부,제주국제컨벤션센터2_02,서귀포시,신서귀,중문동,33.6480153,11.96813965,5.728767123,179.7,192.7616438,6021.4,68.56268493,2101.001
환경부,제주국제컨벤션센터_01,서귀포시,신서귀,중문동,25.31356621,11.63032494,2.292364991,70.3125,58.02793296,1773.25,26.66094972,809.455625
제주특별자치도,제주국제컨벤션센터_02,서귀포시,신서귀,중문동,28.98174603,21.95287302,2.56097561,77.13333333,74.22154472,2241.533333,56.22077236,1687.438667
제주특별자치도,제주국제컨벤션센터_03,서귀포시,신서귀,중문동,29.13222222,20.88157778,1.863354037,56.06666667,54.28364389,1635.466667,38.90977226,1168.616
제주특별자치도,제주국제컨벤션센터_04,서귀포시,신서귀,중문동,28.95958647,21.08094925,2.198347107,66.2,63.66322314,1918,46.3432438,1396.547333
제주특별자치도,제주국제컨벤션센터_05,서귀포시,신서귀,중문동,29.44484959,21.39559708,2.229674797,68.6,65.65243902,2027.866667,47.70522358,1462.142667
제주특별자치도,제주국제컨벤션센터_06,서귀포시,신서귀,중문동,29.08502024,20.85893387,1.537344398,45.26666667,44.71369295,1318.933333,32.06736515,942.9673333
제주특별자치도,제주국제컨벤션센터_07,서귀포시,신서귀,중문동,28.58390177,21.21984993,1.448616601,44.4,41.40711462,1281.733333,30.73942688,949.7346667
제주특별자치도,제주국제컨벤션센터_08,서귀포시,신서귀,중문동,29.78699743,21.28450813,2.420289855,73,72.0931677,2176.733333,51.51467909,1549.659333
제주특별자치도,제주국제컨벤션센터_09,서귀포시,신서귀,중문동,23.21325052,12.22741201,0.981707317,29.66666667,22.78861789,684.2666667,12.00373984,359.9213333
제주특별자치도,제주국제컨벤션센터_10,서귀포시,신서귀,중문동,28.43199316,20.67881095,2.425311203,74,68.95643154,2104,50.15255187,1521.068667
제주특별자치도,제주국제컨벤션센터_14,서귀포시,신서귀,중문동,34.4005059,12.40753794,2.420408163,74.93333333,83.26326531,2586.266667,30.03130612,929.4253333
환경부,제주노루생태공원_01,제주시,동제주,봉개동,30.96831956,13.11534435,2.011080332,62.6,62.27977839,1957.2,26.37601108,825.804
환경부,제주농업기술센터_21,제주시,한림,애월읍,31.1150203,22.87776725,2.03021978,60.7,63.17032967,1875.5,46.4468956,1399.945
환경부,제주농업기술센터_22,제주시,한림,애월읍,26.5221519,20.89324367,1.731506849,52.8,45.92328767,1371.8,36.17679452,1111.495
제주특별자치도,제주도 상하수도본부_03,제주시,조천,조천읍,27.50618132,12.65659341,2.706319703,82.375,74.44052045,2271.9375,34.2527881,1056.933125
제주특별자치도,제주도농아복지관_01,제주시,신제주,외도동,29.90757856,13.32591497,2.011152416,60.625,60.14869888,1802.8125,26.8004461,803.593125
제주특별자치도,제주도농아복지관_02,제주시,신제주,외도동,31.15455476,12.82539406,1.81598513,52.6875,56.57620818,1618.5,23.29072491,664.043125
환경부,제주도립미술관_11,제주시,신제주,연동,29.49911504,21.48385841,1.552197802,44.5,45.78846154,1293.7,33.3471978,972.176
환경부,제주도립미술관_12,제주시,신제주,연동,30.97122302,22.97818945,2.284931507,70.6,70.76712329,2188,52.50358904,1654.527
환경부,제주동부하수처리장_21,제주시,조천,구좌읍,27.57575758,23.75363636,0.323529412,12,8.921568627,318,7.685,278.715
환경부,제주동부하수처리장_22,제주시,조천,구좌읍,28.18918919,23.35,0.296,10.33333333,8.344,276,6.9116,233.1733333
제주특별자치도,제주벤처마루_01,제주시,산지,이도2동,28.69739051,14.02721654,12.1802974,374.8125,349.5427509,10668.75,170.8556691,5292.1375
제주특별자치도,제주세계자연유산센터_01,제주시,조천,조천읍,27.47122546,11.75491537,2.74535316,83.875,75.41821561,2297.25,32.27139405,988.491875
제주특별자치도,제주세계자연유산센터_02,제주시,조천,조천읍,25.63946667,14.64766933,3.491620112,107.875,89.52327747,2766.625,51.14409683,1595.39625
제주특별자치도,제주세계자연유산센터_03,제주시,조천,조천읍,25.12888889,13.68357778,2.528089888,79.9375,63.52808989,1995.125,34.59331461,1093.303125
제주특별자치도,제주순복음사회복지관,제주시,산지,건입동,29.4379562,13.86,0.919463087,25.75,27.06711409,729,12.74375839,352.6925
환경부,제주시 상하수도본부_01,제주시,조천,조천읍,26.11363636,11.92256061,1.808219178,54.9,47.21917808,1383.6,21.55860274,615.687
제주특별자치도,제주시 평생학습센터_01,제주시,산지,건입동,28.91224242,12.36791515,7.667286245,235.3125,221.6784387,6745.5625,94.82834572,2871.8725
제주특별자치도,제주시보건소_01,제주시,산지,이도2동,31.62140992,10.29152742,1.434456929,44.5625,45.35955056,1428.6875,14.76275281,450.013125
제주특별자치도,제주시보건소_06,제주시,산지,이도2동,23.66666667,7.213333333,0.044776119,0,1.059701493,0,0.322985075,0
제주특별자치도,제주시청_01,제주시,산지,이도2동,28.68099924,13.09790462,12.27695167,373.5625,352.1152416,10714.5,160.802342,4875.818125
제주특별자치도,제주시청_02,제주시,산지,이도2동,29.23233996,12.84137601,10.10408922,306.875,295.366171,8905.5,129.7504089,3936.569375
제주특별자치도,제주시청_03,제주시,산지,이도2동,28.8130597,13.49834142,10,308.6875,288.130597,8835.6875,134.9834142,4194.236875
제주특별자치도,제주시청_04,제주시,산지,이도2동,27.55790282,13.94570962,9.678438662,295.8125,266.7174721,8091.3125,134.9726952,4176.356875
제주특별자치도,제주시청_12,제주시,산지,이도2동,28.19315721,12.26145084,4.291821561,127.75,121,3574.1875,52.62395911,1588.389375
제주특별자치도,제주애덕의집_01,제주시,동제주,화북동,27.82167353,16.94455418,1.355018587,42.75,37.69888476,1184.0625,22.96018587,721.675
제주특별자치도,제주양로원_01,제주시,신제주,외도동,33.25503356,23.03718121,0.283269962,8.5625,9.420152091,286,6.525741445,199.213125
제주특별자치도,제주연구원_01,제주시,신제주,오라동,29.32236612,15.30060903,5.310408922,160.1875,155.7137546,4702.125,81.25249071,2468.541875
제주특별자치도,제주영상미디어센터_01,제주시,산지,일도2동,31.74270712,13.05651692,6.371747212,179,202.2565056,5664.5,83.19282528,2312.678125
제주특별자치도,제주영상미디어센터_02,제주시,산지,일도2동,31.48461074,13.18249547,6.159851301,176.5,193.9405204,5558.6875,81.2022119,2335.7825
환경부,제주영어교육도시사무소_01,서귀포시,안덕,대정읍,31.39473684,17.39387336,6.663013699,205.4,209.1835616,6417.8,115.8956164,3590.82
제주특별자치도,제주월드컵경기장_01,서귀포시,신서귀,대륜동,27.87384259,13.06302083,4.817843866,147.9375,134.2918216,4082.75,62.9355948,1939.23875
제주특별자치도,제주자연생태공원_01,서귀포시,성산,성산읍,24.84161491,13.72198758,0.613333333,19.25,15.23619048,476.75,8.416152381,263.3675
제주특별자치도,제주장애인스포츠센터_01,제주시,신제주,외도동,30.35443038,13.39523207,2.206703911,64.5625,66.98324022,1967.5625,29.55931099,856.65375
제주특별자치도,제주장애인스포츠센터_02,제주시,신제주,외도동,30.9563795,15.4263795,1.710820896,49.25,52.9608209,1527.3125,26.39177239,761.288125
제주특별자치도,제주전파관리소_01,제주시,한림,애월읍,25.50704225,14.28253521,0.412790698,12.75,10.52906977,325.75,5.895697674,181.2725
제주특별자치도,제주절물자연휴양림_01,제주시,동제주,봉개동,26.05082695,13.99694635,4.794970986,146.25,124.9129594,3845.75,67.11495164,2068.529375
환경부,제주종합경기장2_02,제주시,신제주,오라동,25.65386667,14.24512,7.44047619,243.8571429,190.8769841,6214.714286,105.9904762,3499.548571
제주특별자치도,제주청소년수련원_01,제주시,한림,한림읍,28.52604167,16.92864583,0.417391304,13.14285714,11.90652174,371.0714286,7.065869565,223.4914286
제주특별자치도,제주청소년수련원_02,제주시,한림,한림읍,27.52849741,14.24295337,0.418655098,12.57142857,11.52494577,344.9285714,5.962885033,182.1592857
제주특별자치도,제주추사관_01,서귀포시,안덕,대정읍,26.52291422,12.41783196,3.163568773,96.8125,83.9070632,2561.0625,39.28466543,1202.715625
환경부,제주추사관_11,서귀포시,안덕,대정읍,28.26958525,20.47345622,1.192307692,35.5,33.70604396,1003,24.41065934,736.209
환경부,제주추사관_12,서귀포시,안덕,대정읍,28.7962963,20.0649177,1.331506849,38.4,38.34246575,1064.4,26.71657534,787.585
제주특별자치도,제주춘강의원_01,제주시,신제주,오라동,31.94886364,14.04984091,1.647940075,50.5,52.64981273,1620.875,23.15329588,714.015
환경부,제주특별자치도 농업기술원_21,서귀포시,신서귀,대천동,27.03278689,22.24114754,0.374233129,10.25,10.11656442,299,8.323374233,246.9
환경부,제주특별자치도 농업기술원_22,서귀포시,신서귀,대천동,28.92957746,22.59323944,0.476510067,11.33333333,13.7852349,328,10.76590604,274.6833333
환경부,제주특별자치도 농업기술원_23,서귀포시,신서귀,대천동,29.35555556,26.07711111,0.330882353,10.66666667,9.713235294,327,8.628455882,297.5166667
환경부,제주특별자치도 농업기술원_24,서귀포시,신서귀,대천동,32.02380952,24.75650794,0.875,22,28.02083333,673.6666667,21.66194444,567.21
제주특별자치도,제주특별자치도교육청_01,제주시,신제주,연동,29.41662639,13.00057999,3.874531835,121.25,113.9756554,3554.75,50.37116105,1580.38
환경부,제주특별자치도교육청_21,제주시,신제주,연동,30.29843562,22.43078219,2.276712329,71.6,68.98082192,2124.7,51.06843836,1623.561
환경부,제주특별자치도교육청_22,제주시,신제주,연동,30.28278689,22.22286066,3.342465753,104,101.2191781,3103.2,74.27915068,2330.795
제주특별자치도,제주특별자치도의회_01,제주시,신제주,연동,28.01118476,13.62958989,8.973977695,275.5625,251.3717472,7726.875,122.3116357,3766.296875
제주특별자치도,제주특별자치도의회_02,제주시,신제주,연동,28.07507199,14.52865282,9.037174721,275.1875,253.7193309,7732.6875,131.297974,4014.305625
환경부,제주특별자치도의회_21,제주시,신제주,연동,27.33501006,19.50216298,2.723287671,74.7,74.44109589,1985.9,53.11,1472.514
환경부,제주특별자치도의회_22,제주시,신제주,연동,30.49049708,22.09688596,3.747945205,111.1,114.2767123,3377.2,82.81791781,2515.087
제주특별자치도,제주특별자치도청_01,제주시,신제주,연동,29.71306818,10.47853693,6.542750929,202.4375,194.4052045,6010.75,68.55845725,2118.500625
제주특별자치도,제주특별자치도청_02,제주시,신제주,연동,26.0244671,14.00888971,10.02788104,310.9375,260.9702602,8037.5625,140.4794796,4341.36125
제주특별자치도,제주특별자치도청_03,제주시,신제주,연동,26.54133999,14.34564148,10.43122677,322.0625,276.8587361,8496.875,149.6426394,4614.628125
제주특별자치도,제주특별자치도청_04,제주시,신제주,연동,27.25816113,14.0722926,12.41263941,382.9375,338.3457249,10380.125,174.6742937,5377.395
제주특별자치도,제주특별자치도청_05,제주시,신제주,연동,26.93446732,13.12039749,10.38104089,312.625,279.6078067,8383.875,136.2033829,4095.329375
제주특별자치도,제주특별자치도청_16,제주시,신제주,연동,29.84115044,12.64225221,4.200743494,128.0625,125.3550186,3820,53.10685874,1632.066875
제주특별자치도,제주하수처리장_02,제주시,신제주,도두동,29.3812601,13.85033926,1.366445916,41.57142857,40.14790287,1218.214286,18.92573951,574.4271429
제주특별자치도,제주학생문화원_01,제주시,산지,이도2동,29.92946058,13.95908121,6.271375465,197,187.6988848,5894,87.54263941,2752.125
제주특별자치도,제주한란전시관_01,서귀포시,한라,영천동,29.464,12.60928,0.919117647,27.33333333,27.08088235,841.6666667,11.58941176,343.8566667
제주특별자치도,제주항 여객터미널_01,제주시,산지,건입동,27.59027778,11.36976389,5.353159851,166.3125,147.6951673,4563.25,60.86416357,1905.64875
제주특별자치도,제주항 여객터미널_02,제주시,산지,건입동,28.09609895,11.51594672,3.907063197,116.8125,109.7732342,3268.9375,44.9935316,1351.03125
환경부,제주항일기념관_11,제주시,조천,조천읍,27.73033708,20.93705993,1.463013699,44.6,40.56986301,1242.3,30.63120548,964.606
환경부,제주항일기념관_12,제주시,조천,조천읍,32.43258427,21.20958427,2.438356164,73.9,79.08219178,2376.6,51.71652055,1607.736
환경부,제주현대미술관_01,제주시,한림,한경면,30.4151957,19.54676132,3.569863014,109.7,108.5780822,3291.6,69.77926027,2164.08
제주특별자치도,제주화물자동차공영차고지_01,제주시,동제주,아라동,37.09433962,14.22836478,1.709677419,53,63.41935484,1969.5,24.32591398,751.81
제주특별자치도,제주화물자동차공영차고지_02,제주시,동제주,아라동,32.59090909,11.98954545,1.195652174,35.5,38.9673913,1105,14.33532609,400.63
제주특별자치도,조수1리사무소_01,제주시,한림,한경면,29.4539801,16.67023632,1.732758621,53.64285714,51.03663793,1585.071429,28.88549569,895.6942857
제주특별자치도,조천도서관_01,제주시,조천,조천읍,27.93142272,15.54057318,7.26394052,225.0625,202.8921933,6275.625,112.8857993,3540.24875
환경부,조천도서관_02,제주시,조천,조천읍,27.1714876,22.70088843,3.248322148,94.75,88.26174497,2502,73.73979866,2167.555
제주특별자치도,조천읍사무소_01,제주시,조천,조천읍,27.40951595,13.02981848,6.758364312,202.375,185.2434944,5595.5,88.06026022,2656.070625
환경부,조천읍사무소_11,제주시,조천,조천읍,25.3741403,19.03409904,1.991780822,57.2,50.53972603,1445.3,37.91175342,1105.493
환경부,조천읍사무소_12,제주시,조천,조천읍,29.18194254,21.63099863,2.002739726,54.5,58.44383562,1593,43.32126027,1233.321
제주특별자치도,조천체육관_01,제주시,조천,조천읍,28.96411124,12.38407929,9.892193309,303.75,286.5185874,8768.8125,122.5057063,3775.215625
제주특별자치도,종남공영주차장_01,제주시,신제주,노형동,31.64636658,17.07310091,6.353271028,196.75,201.0579439,6220.5625,108.4700374,3365.678125
환경부,중문 관광단지_01,서귀포시,신서귀,예래동,34.77010898,12.6923041,5.279452055,167.3,183.5671233,5795.7,67.00841096,2155.855
환경부,중문 관광단지_02,서귀포시,신서귀,예래동,33.3799435,15.75086158,5.819178082,179.8,194.2438356,5977.7,91.65706849,2799.928
환경부,중문 관광단지_03,서귀포시,신서귀,예래동,33.15128688,15.35725675,4.364383562,143.6,144.6849315,4778.5,67.0249589,2193.478
환경부,중문 관광단지_04,서귀포시,신서귀,예래동,33.39022801,13.11990879,4.205479452,136.4,140.4219178,4564.9,55.17550685,1789.681
환경부,중문 관광단지_05,서귀포시,신서귀,예래동,33.54440154,14.7315444,4.257534247,137.9,142.8164384,4597.6,62.72005479,2023.715
제주특별자치도,중문동주민센터_01,서귀포시,신서귀,중문동,28.87176424,12.07160892,4.667286245,143.25,134.7527881,4161.4375,56.34165428,1733.36875
제주특별자치도,중문보건지소_01,서귀포시,신서귀,중문동,27.70358187,14.9993348,5.085501859,156.4375,140.8866171,4359,76.27914498,2360.93125
환경부,중앙공영주차장(우리은행 서귀포점 인근 공영주차장)_01,서귀포시,한라,중앙동,33.57183758,14.86063769,10.5260274,323,353.3780822,10875.4,156.4234795,4838.845
제주특별자치도,중앙공영주차장_01,서귀포시,한라,중앙동,30.96892139,16.66460695,5.09310987,159.3125,157.7281192,4938.6875,84.87467412,2653.738125
제주특별자치도,중앙공영주차장_02,서귀포시,한라,중앙동,32.43124312,14.39291896,5.068773234,159,164.3866171,5152.3125,72.95444238,2300.156875
환경부,중앙공영주차장_11,서귀포시,한라,중앙동,33.62652146,20.28207559,4.276712329,123.7,143.8109589,4094.5,86.74060274,2541.347
환경부,중앙공영주차장_12,서귀포시,한라,중앙동,30.33540373,20.03874002,3.087671233,88.2,93.66575342,2662.5,61.8730411,1782.954
제주특별자치도,중앙병원_01,제주시,신제주,이호동,29.25249169,15.23470337,3.916356877,121.1875,114.563197,3520.4375,59.66453532,1868.09375
제주특별자치도,중앙병원_02,제주시,신제주,이호동,29.57305503,13.40758065,3.918215613,122.5625,115.8736059,3617.625,52.53379182,1630.78625
제주특별자치도,중엄리사무소_01,제주시,한림,애월읍,29.94186902,14.25386313,2.526022305,76.875,75.633829,2289.8125,36.00557621,1086.840625
제주특별자치도,지미봉주차장_01,제주시,조천,구좌읍,32.77027027,15.64445946,1.213114754,51,39.75409836,1743,18.97852459,853.87
제주특별자치도,지미봉주차장_02,제주시,조천,구좌읍,28.71428571,15.66,0.4375,4,12.5625,73,6.85125,35.15
환경부,천지연폭포주차장_01,서귀포시,한라,천지동,32.67177914,15.96174591,10.71780822,338.3,350.169863,11043.8,171.0749315,5414.073
환경부,천지연폭포주차장_02,서귀포시,한라,천지동,33.48125258,13.28203131,6.649315068,195.6,222.6273973,6544.8,88.31641096,2530.001
제주특별자치도,축산진흥원_01,제주시,신제주,노형동,29.76671214,13.02474079,2.724907063,83.1875,81.11152416,2479.875,35.49120818,1085.05
제주특별자치도,춘강장애인근로센터_01,제주시,동제주,아라동,24.65868263,14.35101796,0.377828054,11.69230769,9.316742081,288,5.422217195,164.2269231
제주특별자치도,출입국관리사무소_01,제주시,산지,용담2동,29.66233766,13.26337662,2.583892617,65,76.6442953,1951.75,34.27114094,831.08
환경부,클럽다인리조트_01,제주시,한림,애월읍,37.94416873,14.01921836,4.416438356,140.5,167.5780822,5322.8,61.9150137,1956.955
제주특별자치도,탐라도서관_01,제주시,신제주,노형동,28.6654423,13.22769207,6.152542373,189.9375,176.3653484,5473.4375,81.38393597,2507.286875
제주특별자치도,탐라도서관_02,제주시,신제주,노형동,27.52541347,13.21721057,9.372400756,287.125,257.979206,7876.1875,123.8769943,3795.404375
제주특별자치도,탐라도서관_03,제주시,신제주,노형동,27.46324336,12.55240729,8.470260223,261.25,232.6208178,7137.4375,106.3221561,3283.719375
제주특별자치도,탐라장애인종합복지관_01,제주시,산지,이도1동,34.19807923,16.19616447,3.096654275,95.6875,105.8996283,3274.1875,50.15392193,1556.1
환경부,탐라중학교 공영주차장_01,제주시,동제주,아라동,32.75223279,14.7685134,9.509589041,288.4,311.460274,9312.4,140.4424932,4278.879
제주특별자치도,탑동제1공영주차장_01,제주시,산지,삼도2동,31.53759398,13.60793233,3.827338129,101.3333333,120.705036,3169,52.08215827,1375.93
제주특별자치도,태봉그린피아,서귀포시,신서귀,서홍동,34.37650602,15.28996988,1.643564356,48,56.5,1625.2,25.1300495,738.038
제주특별자치도,태흥3리 마을회관_01,서귀포시,한라,남원읍,31.04477612,14.69656716,1.376712329,41,42.73972603,1314,20.23294521,609.645
제주특별자치도,토산1리체험장_01,서귀포시,표선,표선면,31.90948905,17.12442336,1.51214128,47.42857143,48.25165563,1507.571429,25.89454746,808.2892857
제주특별자치도,토평동마을회관_01,서귀포시,한라,영천동,23.95861298,12.38878076,1.930885529,61.42857143,46.26133909,1468.071429,23.92131749,760.6242857
환경부,퐁낭 작은 도서관 앞 주차장_01,서귀포시,한라,동홍동,32.36377397,14.48817861,5.430136986,158.5,175.739726,5088.4,78.67279452,2301.358
제주특별자치도,표선 공영주차장(표선리 711)_01,서귀포시,표선,표선면,28.21827905,14.45815508,7.646840149,231.75,215.7806691,6557.4375,110.5592007,3348.889375
환경부,표선 의례회관 앞 공영주차장_01,서귀포시,표선,표선면,31.41711957,15.5422962,2.016438356,55.9,63.35068493,1737.2,31.34008219,857.479
제주특별자치도,표선도서관_01,서귀포시,표선,표선면,20.31598865,11.51606433,2.297826087,71.5,46.6826087,1446.214286,26.46191304,819.0342857
제주특별자치도,표선도서관_02,서귀포시,표선,표선면,24.38274933,14.23252022,1.623632385,49.42857143,39.58862144,1196.428571,23.10838074,695.5878571
환경부,표선민속마을 해비치 해변 공영주차장_01,서귀포시,표선,표선면,34.63367052,14.77226156,3.791780822,119.1,131.3232877,4106.2,56.01317808,1761.242
환경부,표선민속마을 해비치 해변 공영주차장_02,서귀포시,표선,표선면,33.60572687,15.50987885,4.975342466,159.5,167.2,5306.9,77.1669589,2509.916
환경부,표선민속마을 해비치 해변 공영주차장_03,서귀포시,표선,표선면,32.39121951,14.99785854,5.616438356,177.9,181.9232877,5775.4,84.23454795,2682.924
환경부,표선민속마을 해비치 해변 공영주차장_04,서귀포시,표선,표선면,32.29907975,16.58508691,5.35890411,160.1,173.0876712,5178,88.87789041,2646.719
환경부,표선민속마을 해비치 해변 공영주차장_05,서귀포시,표선,표선면,32.57452575,14.98887263,5.054794521,154.2,164.6575342,5041.4,75.76567123,2278.88
제주특별자치도,하귀1리공영주차장_01,제주시,한림,애월읍,29.22091545,16.52118563,6.794816415,211.5,198.5507559,6167.785714,112.2584233,3483.932857
제주특별자치도,하귀1리공영주차장_02,제주시,한림,애월읍,27.72506887,14.34476309,7.806451613,242.2857143,216.4344086,6721.214286,111.9816989,3472.343571
환경부,하귀1지구 공영주차장_01,제주시,한림,애월읍,32.24662669,12.2212069,3.654794521,100.5,117.8547945,3182.2,44.666,1198.738
제주특별자치도,하귀문화의집_01,제주시,한림,애월읍,30.22471098,13.9529552,5.144981413,152.5625,155.5055762,4575.75,71.78769517,2161.468125
제주특별자치도,하귀휴먼시아1단지아파트_01,제주시,한림,애월읍,29.56437768,17.14630901,0.866171004,26.125,25.60780669,778.5625,14.85163569,450.720625
환경부,하례2리 마을회_21,서귀포시,한라,남원읍,32.48717949,21.5174359,0.174107143,5.166666667,5.65625,177.5,3.746339286,114.2433333
환경부,하례2리 마을회_22,서귀포시,한라,남원읍,28.93548387,21.52419355,0.137777778,3,3.986666667,81,2.965555556,65.61833333
환경부,하효마을다목적회관_11,서귀포시,한라,효돈동,29.79387187,22.41370474,0.988980716,30.2,29.46556474,878.7,22.16672176,691.451
환경부,하효마을다목적회관_12,서귀포시,한라,효돈동,29.43856921,22.84897356,1.761643836,50.5,51.86027397,1427.1,40.25175342,1172.218
환경부,한경도서관 앞 주차장_01,제주시,한림,한경면,31.28058104,13.43185015,3.583561644,108.5,112.0958904,3410.2,48.13386301,1461.444
환경부,한경면(청수리)청수마을회관_01,제주시,한림,한경면,29.13194444,26.67715278,0.493150685,15,14.36643836,438,13.15585616,416.055
환경부,한경면(청수리)청수마을회관_02,제주시,한림,한경면,29.16176471,24.50882353,0.457912458,12,13.35353535,340,11.22289562,301.51875
제주특별자치도,한경면사무소_01,제주시,한림,한경면,30.55807365,12.3654926,5.905204461,180.9375,180.4516729,5496.9375,73.02076208,2226.823125
제주특별자치도,한경면종합복지회관_01,제주시,한림,한경면,28.46738399,15.69579018,3.163829787,102.6428571,90.06595745,2925.785714,49.65880851,1606.012143
제주특별자치도,한경면종합복지회관_02,제주시,한림,한경면,28.57004519,16.05216269,3.389496718,105.2857143,96.8380744,3020.714286,54.40875274,1697.686429
제주특별자치도,한경체육관_01,제주시,한림,한경면,29.63669065,15.07964029,2.583643123,77.125,76.57063197,2303.875,38.96040892,1157.824375
제주특별자치도,한국교통방송 제주본부_01,제주시,동제주,아라동,29.8028125,14.38883125,5.94795539,181.5625,177.2657993,5401.3125,85.58412639,2588.54875
제주특별자치도,한국교통방송 제주본부_02,제주시,동제주,아라동,30.07915832,14.83078824,5.565055762,165.4375,167.3921933,4958.375,82.53416357,2434.535625
환경부,한국교통안전공단제주자동차검사소_01,제주시,동제주,삼양동,28.13474538,17.77240649,6.079452055,194.9,171.0438356,5519.5,108.0464932,3574.247
환경부,한국교통안전공단제주자동차검사소_02,제주시,동제주,삼양동,29.96502116,18.03966714,9.712328767,302.3,291.030137,9010,175.2071781,5493.325
환경부,한국산업인력공단 제주지사_21,제주시,산지,이도2동,28.65116279,22.72313953,0.573333333,19.33333333,16.42666667,575.6666667,13.02793333,479.9833333
환경부,한국산업인력공단 제주지사_22,제주시,산지,이도2동,30.22527473,23.92131868,1.213333333,33.33333333,36.67333333,999.3333333,29.02453333,876.7766667
환경부,한국중부발전㈜ 상명풍력발전소_21,제주시,한림,한림읍,20.88461538,18.41230769,0.095238095,3,1.989010989,61.5,1.753553114,54.75
환경부,한국중부발전㈜ 상명풍력발전소_22,제주시,한림,한림읍,37.73333333,27.2,0.092592593,1.777777778,3.49382716,62.22222222,2.518518519,53.64888889
환경부,한국중부발전㈜ 제주화력본부 사택_21,제주시,동제주,삼양동,33.24193548,23.63205645,0.683195592,20.2,22.7107438,658.6,16.1453168,477.194
환경부,한국중부발전㈜ 제주화력본부 사택_22,제주시,동제주,삼양동,33.29931973,24.75659864,1.208219178,35.8,40.23287671,1192,29.91139726,924.566
환경부,한국폴리텍대학 제주캠퍼스_01,제주시,동제주,아라동,34.1958042,13.27867133,1.181818182,36.8,40.41322314,1250.3,15.69297521,489.453
제주특별자치도,한길정보통신학교_01,제주시,한림,애월읍,20.62425447,8.920228628,1.869888476,58.5,38.56505576,1199.625,16.67983271,513.365
제주특별자치도,한남보건진료소_01,서귀포시,한라,남원읍,31.1557971,19.07869565,0.655581948,19.53846154,20.42517815,606.0769231,12.50764846,368.3953846
제주특별자치도,한라도서관_01,제주시,신제주,오라동,27.86847662,11.82245249,6.161710037,190.8125,171.7174721,5309.625,72.84652416,2242.765
제주특별자치도,한라병원_01,제주시,신제주,연동,29.00431406,11.67044866,2.154275093,65.25,62.48327138,1896.8125,25.14135688,755.309375
제주특별자치도,한라수목원(자연생태학습관)_02,제주시,신제주,연동,32.47063089,14.43346265,5.223484848,161.75,169.6098485,5239.4375,75.39297348,2334.80125
환경부,한라수목원_01,제주시,신제주,연동,34.65963679,17.72032806,4.715469613,145.6,163.4364641,5028.1,83.55966851,2592.471
환경부,한림공원 인근 공영주차장_01,제주시,한림,한림읍,33.48753463,13.3244506,8.901369863,284,298.0849315,9553.1,118.605863,3842.076
제주특별자치도,한림금능농공단지(제주맥주)_01,제주시,한림,한림읍,32.70642202,14.32638124,1.823420074,57.1875,59.63754647,1865.125,26.12301115,802.35375
제주특별자치도,한림오일시장 주차장_01,제주시,한림,한림읍,24.58333333,12.05375,0.192,6,4.72,140.6666667,2.31432,65.97666667
제주특별자치도,한림오일시장 주차장_02,제주시,한림,한림읍,25,11.4955,0.330578512,10.33333333,8.26446281,248.3333333,3.800165289,108.72
제주특별자치도,한림읍사무소_03,제주시,한림,한림읍,28.98730298,14.7430648,6.563218391,201.6,190.25,5919.2,96.76195402,2994.852
제주특별자치도,한림읍사무소_04,제주시,한림,한림읍,29.52287582,14.00331155,3.143835616,96.75,92.81506849,2857,44.02410959,1367.695
제주특별자치도,한림읍사무소_05,제주시,한림,한림읍,28.50882353,12.96141176,2.463768116,66.33333333,70.23913043,1797.333333,31.93391304,782.9466667
제주특별자치도,한림읍주민자치센터 옆 공영주차장_01,제주시,한림,한림읍,27.98833219,15.17410432,3.153679654,97.28571429,88.26623377,2721.642857,47.85426407,1465.040714
환경부,한림읍체육관 주차장_01,제주시,한림,한림읍,27.81959707,11.20324176,5.983561644,191.1,166.460274,5230.7,67.03528767,2114.807
환경부,한림읍체육관 주차장_02,제주시,한림,한림읍,29.91304348,11.67067559,4.095890411,104.5,122.5205479,3086.8,47.80180822,1247.788
환경부,한림읍체육관 주차장_03,제주시,한림,한림읍,30.35230548,12.14835735,3.802739726,105.4,115.4219178,3156,46.1970411,1279.939
환경부,한림종합운동장 주차장_41,제주시,한림,한림읍,27.92426584,20.33448223,4.313333333,143.3333333,120.4466667,3992.666667,87.7094,2900.866667
환경부,한림종합운동장 주차장_42,제주시,한림,한림읍,26.40064103,20.14900641,1.890909091,50,49.92121212,1317,38.09993939,987.515
환경부,한림종합운동장 주차장_43,제주시,한림,한림읍,25.80784314,19.58678431,1.335078534,39.4,34.45549738,1015.4,26.14989529,713.254
환경부,한림종합운동장 주차장_44,제주시,한림,한림읍,30.00511945,21.835,3.906666667,127.6666667,117.22,3757,85.30206667,2680.43
환경부,한림항 주차장_01,제주시,한림,한림읍,5,2.19,1,NaN,5,NaN,2.19,NaN
환경부,한반도제주호텔_01,제주시,신제주,연동,34.96747967,16.1932701,3.032876712,94.6,106.0520548,3289,49.11219178,1569.237
제주특별자치도,한원리노인복지관_01,제주시,한림,한경면,25.95104895,14.20881119,1.067164179,31.3125,27.69402985,803.9375,15.16313433,442.261875
제주특별자치도,한화꿈에그린아파트_01,제주시,신제주,노형동,34.18639798,19.30437448,2.217877095,66.25,75.82122905,2266.125,42.81472998,1281.87125
제주특별자치도,함덕광명샤인빌_01,제주시,조천,조천읍,31.9546798,17.85672414,3.773234201,114.8125,120.5724907,3681.0625,67.37760223,2057.82
환경부,항일기념관_21,제주시,조천,조천읍,26.86787565,22.65147668,2.244186047,78.5,60.29651163,2095.75,50.83412791,1795.93
환경부,항일기념관_22,제주시,조천,조천읍,31.20152091,21.47553232,3.058139535,93.5,95.41860465,2870.25,65.67517442,2065.7425
제주특별자치도,해변공연장_01,제주시,산지,삼도2동,31.67444877,12.6269412,8.598513011,266.25,272.3531599,8434,108.5729182,3381.43625
제주특별자치도,협재리사무소_01,제주시,한림,한림읍,28.66336634,13.63792079,0.737226277,18.66666667,21.13138686,553.3333333,10.05423358,267.76
제주특별자치도,협재리사무소_02,제주시,한림,한림읍,31.21428571,15.625,1.52173913,50.33333333,47.5,1498.333333,23.77717391,796.6666667
환경부,협재해수욕장_01,제주시,한림,한림읍,30.20503408,17.56540378,10.44931507,326.6,315.6219178,9790.5,183.5464384,5755.867
제주특별자치도,혼인지_01,서귀포시,성산,성산읍,28.51621622,10.74060811,1.375464684,38.875,39.22304833,1106.1875,14.77332714,436.23875
제주특별자치도,혼인지_02,서귀포시,성산,성산읍,30.93406593,11.562442,1.522304833,43.3125,47.09107807,1334.0625,17.60156134,503.06625
환경부,홍로공영주차장_01,서귀포시,한라,동홍동,29.38888889,16.7282834,4.389041096,132.6,128.9890411,3919.7,73.42112329,2223.855
환경부,홍로공영주차장_11,서귀포시,한라,동홍동,26.89432177,20.50886435,1.736986301,51.6,46.71506849,1406.4,35.62361644,1064.352
환경부,홍로공영주차장_12,서귀포시,한라,동홍동,29.83471074,21.83909091,1,29.3,29.83471074,872.8,21.83909091,655.275
제주특별자치도,화북공업단지남측공영주차장,제주시,동제주,화북동,34.22978723,16.89285106,1.727941176,48.66666667,59.14705882,1627.666667,29.18985294,830.4766667
제주특별자치도,화북동 공영주차장(11-7)_01,제주시,동제주,화북동,31.13425232,14.09708121,6.20260223,185.8125,193.1133829,5726.8125,87.43858736,2596.864375
제주특별자치도,화북동 공영주차장(11-7)_02,제주시,동제주,화북동,26.93144016,12.76218661,4.581784387,135.9375,123.394052,3569.25,58.47358736,1694.8825
환경부,화북동주민센터_01,제주시,동제주,화북동,32.04203822,13.90668153,8.602739726,260.6,275.6493151,8267.8,119.6355616,3575.962
환경부,환경시설관리사무소_01,제주시,동제주,봉개동,33.88888889,21.2,0.620689655,NaN,21.03448276,NaN,13.15862069,NaN
환경부,환경시설관리사무소_02,제주시,동제주,봉개동,38.63636364,24.30454545,0.34375,NaN,13.28125,NaN,8.3546875,NaN
환경부,회수사거리 인근 공영주차장_01,서귀포시,신서귀,중문동,26.85846154,11.40425641,2.671232877,79.3,71.74520548,2099.5,30.46342466,895.48
제주특별자치도,효돈동 공영주차장,서귀포시,신서귀,대륜동,32.93150685,17.05616438,0.349282297,10.66666667,11.50239234,358.8333333,5.957416268,184.725
환경부,효돈동주민센터_01,서귀포시,한라,효돈동,31.29700272,17.62686649,4.032967033,133.1,126.2197802,4198.3,71.08857143,2388.194
제주특별자치도,효돈축구공원_01,서귀포시,한라,효돈동,26.30454207,14.04352941,2.500931099,77.9375,65.7858473,2029.625,35.12189944,1087.268125
제주특별자치도,효돈축구공원_02,서귀포시,한라,효돈동,30.86527197,11.18764017,2.221189591,65.3125,68.55762082,1996,24.84986989,732.155625
