운영기관,충전소명,충전소구분,행정시,변전소,읍면동,위도,경도,주소,충전소별 1회 충전당 평균 충전소요시간,충전소별 1회 충전당 평균 충전량,충전소별 일평균 충전횟수,충전소별 월평균 충전횟수,충전소별 일평균 충전소요시간(분),충전소별 월평균 충전소요시간(분),충전소별 일평균 충전량,충전소별 월평균 충전량
한전,LH제주본부,공용,제주시,산지,삼도1동,33.50412791,126.5233891,제주특별자치도 제주시 삼도1동 305-4,54.30408859,25.06020159,4.364312268,135.875,237,7418.5625,109.3705452,3425.117708
환경부,㈜행운식품,공용,제주시,조천,조천읍,33.536916,126.669926,#N/A,34.95354952,14.25233129,3.126027397,97.8,109.2657534,3389.3,44.55317808,1365.599
한전,가시리 조랑말체험공원,공용,서귀포시,표선,표선면,33.376661,126.744774,"제주특별자치도 서귀포시 표선면 녹산로 381-15 (가시리, 가시리조랑말체험공원)",36.93573844,14.33499436,1.651769088,52.3125,61.00931099,1926.125,23.67810056,743.2425
제주특별자치도,감사위원회,공용,서귀포시,신서귀,대륜동,33.25551475,126.5091962,#N/A,28.97978437,15.22752022,1.609544469,49.07142857,46.64425163,1428.214286,24.50937093,748.4842857
한전,강정상록 아파트,아파트용,서귀포시,신서귀,대천동,33.25490793,126.5047563,제주특별자치도 서귀포시 강정동 신서로 55,62.56930693,24.38049505,0.750929368,23.375,46.98513011,1450.25,18.30802974,560.399375
한전,강정생명평화교회,공용,서귀포시,신서귀,대천동,33.23764167,126.4955332,제주특별자치도 서귀포시 선반로65번길 61,38.93162393,21.74660969,0.217877095,6.6875,8.482309125,266.3125,4.738088144,147.8027083
한전,강창학경기장,공용,서귀포시,신서귀,대천동,33.259867,126.50178,제주특별자치도 서귀포시 중산간서로 95,35.18444252,18.9299977,10.7527881,326,378.330855,11405.5,203.550254,6163.593542
한전,개인택시조합,공용,제주시,신제주,도두동,33.49565495,126.4688947,제주특별자치도 제주시 도공로 147,44.02036306,21.07021521,11.77509294,352.75,518.3438662,15453.5,248.1037423,7527.246875
한전,건강과 성박물관,공용,서귀포시,안덕,안덕면,33.25488532,126.3464356,제주특별자치도 서귀포시 안덕면 감산리 1404,44.56741573,19.9399485,3.970260223,123.6875,176.9442379,5518.5,79.16678439,2462.709583
한전,건입현대 아파트,아파트용,제주시,산지,건입동,33.51673381,126.5352159,제주특별자치도 제주시 건입동 만덕로3길 26,56.87158145,22.63042806,3.126394052,94.8125,177.802974,5386.5625,70.75163569,2135.9275
제주특별자치도,걸매축구장,공용,서귀포시,한라,천지동,33.249188,126.554328,#N/A,29.97818282,17.25885391,6.730483271,209.375,201.767658,6254.8125,116.1604275,3593.449375
제주특별자치도,고산동산공영주차장,공용,제주시,산지,이도2동,33.49566427,126.5314157,#N/A,32.01084011,14.4595935,2.713235294,82.66666667,86.85294118,2667.666667,39.23227941,1190.386667
제주특별자치도,고성2리경로당,공용,제주시,한림,애월읍,33.4356323,126.4252454,#N/A,28.76673866,14.61147948,3.448789572,106.125,99.21042831,3039.875,50.39191806,1546.33875
한전,고스트타운,공용,제주시,한림,애월읍,33.47583497,126.356562,제주특별자치도 제주시 애월읍 부룡수길 35-14 (신엄리),38.78061224,22.51686224,0.937799043,28.33333333,36.36842105,1099.583333,21.11629187,641.6808333
제주특별자치도,고용복지플러스센터,공용,제주시,산지,이도1동,33.504284,126.52716,#N/A,29.9445061,13.52674806,3.349442379,102.625,100.2973978,3077.1875,45.3070632,1393.438125
한전,공항입구 공영주차장,공용,제주시,산지,용담2동,33.50351118,126.4957047,제주특별자치도 제주시 다호북길 7 (용담이동),44.34047109,24.45566024,1.098823529,34,48.72235294,1532.615385,26.8724549,843.5215385
제주특별자치도,관음사,공용,제주시,동제주,아라동,33.42616885,126.5578525,#N/A,29.69874477,14.78175732,1.614864865,45,47.95945946,1336.5,23.87054054,675.915
제주특별자치도,광치기해변공영주차장,공용,서귀포시,성산,성산읍,33.45533224,126.9255148,#N/A,26.33684211,15.00951579,6.182212581,192.4285714,162.8199566,5089.142857,92.79201735,2891.162857
제주특별자치도,구억리마을회관,공용,서귀포시,안덕,대정읍,33.27430455,126.2801318,#N/A,29.62087912,14.91697802,1.246575342,32.5,36.92465753,1024,18.59513699,501.2725
한전,구좌119센터,공용,제주시,조천,구좌읍,33.52019559,126.8600973,제주특별자치도 제주시 구좌읍 세화14길 8 (세화리),47.95676047,21.03344772,2.708178439,83,129.8754647,4006.9375,56.96232962,1738.882708
제주특별자치도,구좌농공단지(제주이야기),공용,제주시,조천,구좌읍,33.5532597,126.8168887,#N/A,29.41967213,14.53901639,0.567970205,17.25,16.70949721,504.25,8.257728119,245.62
제주특별자치도,구좌읍주민센터,공용,제주시,조천,구좌읍,33.522559,126.852085,#N/A,27.1989163,14.24753315,13.03531599,396.5,354.5464684,10731.9375,185.7210967,5687.756875
한전,국립제주박물관,공용,제주시,산지,건입동,33.514248,126.54897,제주특별자치도 제주시 일주동로 17,34.96701389,18.38474248,3.147540984,95.45454545,110.0601093,3375.909091,57.86673042,1748.295455
한전,국제대학교 버스차고지,공용,제주시,동제주,아라동,33.43879282,126.5706527,"제주특별자치도 제주시 516로 2870 (영평동, 제주국제대학교)",27.60133445,20.14803169,3.505847953,106.2,96.76608187,2974.3,70.63593567,2148.544333
제주특별자치도,국토교통인재개발원 인근 공영주차장,공용,서귀포시,신서귀,대륜동,33.25210295,126.515693,#N/A,29.602118,14.68562784,4.52739726,118.5,134.0205479,3548.25,66.48767123,1729.93
제주특별자치도,귀덕1리사무소,공용,제주시,한림,한림읍,33.43639286,126.2980444,#N/A,30.30769231,12.91769231,1.433823529,37.33333333,43.45588235,1160,18.52169118,489.6633333
제주특별자치도,그루터기,공용,제주시,동제주,삼양동,33.53302043,126.6001321,#N/A,30.55555556,15.90731481,0.203007519,6.0625,6.203007519,188.0625,3.229304511,96.91875
제주특별자치도,근로자종합복지관 주차장,공용,제주시,신제주,노형동,33.469694,126.486227,#N/A,30.59041111,11.83223777,17.13568773,518.25,524.1877323,15859.9375,202.7535316,6076.62
제주특별자치도,금악건강증진센터,공용,제주시,한림,한림읍,33.35653792,126.2966455,#N/A,28.52505967,15.22112172,1.841758242,55.78571429,52.53626374,1582.071429,28.03362637,845.4628571
제주특별자치도,금악리새마을회,공용,제주시,한림,한림읍,33.36007468,126.2947019,#N/A,30.08145106,13.89214921,2.715613383,83.125,81.68959108,2484.625,37.72570632,1140.16625
한전,김영갑갤러리,공용,서귀포시,성산,성산읍,33.37222377,126.8544309,제주특별자치도 서귀포시 성산읍 삼달리 437-5,38.04714142,16.89345704,1.853159851,56.0625,70.50743494,2146.5625,31.30627633,939.3220833
한전,김창열미술관,공용,제주시,한림,한림읍,33.339346,126.268699,제주특별자치도 제주시 한림읍 용금로 883-5,33.36979561,17.2075082,4.910780669,149.3125,163.8717472,5002.4375,84.50229864,2585.165625
한전,난산리 다목적회관,공용,서귀포시,성산,성산읍,33.401291,126.870952,제주특별자치도 서귀포시 성산읍 난산로 29,43.31202046,16.71485081,0.728119181,21.6875,31.53631285,942.3125,12.17040348,354.0775
제주특별자치도,난산보건진료소,공용,서귀포시,성산,성산읍,33.40093954,126.8721007,#N/A,29.46875,16.11951923,0.904347826,27.57142857,26.65,807.2857143,14.57765217,438.6785714
제주특별자치도,남원 공영노외1주차장,공용,서귀포시,한라,남원읍,33.2799482,126.7185876,#N/A,30.66666667,18.06435484,1.273972603,33.5,39.06849315,1054.5,23.01349315,624.6375
한전,남원 의례회관 주차장,공용,서귀포시,한라,남원읍,33.294428,126.711368,제주특별자치도 서귀포시 남원리 381,51.25622776,19.47797153,1.05046729,30.6875,53.84299065,1555.25,20.46097196,603.051875
한전,남원공영주차장,공용,서귀포시,한라,남원읍,33.27917281,126.7211247,제주특별자치도 서귀포시 남원읍 태위로700번길 4-1 (남원리),43.69144981,26.01975836,1.563953488,48.8,68.33139535,2149.8,40.69369186,1270.15
제주특별자치도,남원생활체육관,공용,서귀포시,한라,남원읍,33.278057,126.704457,#N/A,28.44210526,15.29112281,1.78125,53.44444444,50.6625,1519.444444,27.2373125,836.2433333
제주특별자치도,남원읍사무소,공용,서귀포시,한라,남원읍,33.279806,126.720472,#N/A,27.93417278,15.03710551,11.66171004,356,325.760223,9969.25,175.3583643,5349.575625
제주특별자치도,납읍리보건소,공용,제주시,한림,애월읍,33.43872311,126.3301263,#N/A,29.70273794,15.66057801,4.300934579,133.625,127.7495327,3977.6875,67.3551215,2067.061875
제주특별자치도,노형 부영아파트 1단지,아파트용,제주시,신제주,노형동,33.4801071,126.4850463,#N/A,29.12938674,13.97404821,5.243494424,160.5625,152.739777,4667.25,73.27284387,2264.268125
한전,노형 제2공영주차장,공용,제주시,신제주,노형동,33.48730913,126.4797825,제주특별자치도 제주시 월랑로2길 1 (노형동),43.57948718,21.88957009,9.330143541,295,406.6028708,12915.75,204.2328309,6478.087222
제주특별자치도,노형2지구 공영주차장,공용,제주시,신제주,노형동,33.48033201,126.4775801,#N/A,30.28455285,15.1695122,1.937007874,43.33333333,58.66141732,1269.666667,29.38346457,580.8633333
한전,노형2차부영 아파트,아파트용,제주시,신제주,노형동,33.47699696,126.4845871,제주특별자치도 제주시 노형동 754-4,48.77493075,18.07086565,2.68401487,81.625,130.9126394,3991.25,48.50247212,1459.833125
제주특별자치도,노형e-편한세상,아파트용,제주시,신제주,노형동,33.48463086,126.467973,#N/A,35.54897037,18.53518332,3.700743494,114.375,131.5576208,4056.625,68.59395911,2108.69625
제주특별자치도,노형뜨란채아파트,아파트용,제주시,신제주,노형동,33.487982,126.4706243,#N/A,30.03531469,17.71530769,10.63197026,328.625,319.3345725,9922.25,188.3486245,5838.07375
제주특별자치도,노형부영3차아파트,아파트용,제주시,신제주,노형동,33.476568,126.486365,#N/A,29.97833224,16.70692055,2.830855019,87.875,84.86431227,2622.3125,47.29486989,1462.62125
제주특별자치도,노형제1공영주차장,공용,제주시,신제주,노형동,33.48589,126.477147,#N/A,27.73036578,14.39460914,20.37732342,619.25,565.070632,17148,293.3236059,8929.4775
한전,노형지구중흥S클래스 아파트,아파트용,제주시,신제주,노형동,33.48506456,126.4675606,제주특별자치도 제주시 노형동 광평동로 66,51.57991361,25.33041037,1.721189591,52,88.77881041,2666.8125,43.59843866,1308.92
한전,농어촌공사 제주지역본부,공용,제주시,동제주,삼양동,33.5225765,126.5872452,"제주특별자치도 제주시 선사로 12 (삼양2동, 한국농어촌공사제주지역본부)",50.77017461,20.14586755,3.93866171,116.8125,199.9665428,5943,79.34775713,2317.775
한전,농업기술원,공용,서귀포시,신서귀,대천동,33.26121751,126.4890889,"제주특별자치도 서귀포시 중산간서로 212 (강정동, 제주특별자치도 농업기술원)",48.28455285,27.02782656,1.782608696,53.7,86.07246377,2613.6,48.18003865,1447.376333
제주특별자치도,누리터,공용,제주시,한림,애월읍,33.42599041,126.4024819,#N/A,29.08678881,14.70311475,2.356818182,73.30769231,68.55227273,2130.615385,34.65256818,1057.715385
제주특별자치도,느지리오름주차장,공용,제주시,한림,한림읍,33.36282075,126.2603514,#N/A,29.7,15.50128814,2.554112554,79,75.85714286,2363.142857,39.59203463,1220.611429
제주특별자치도,대륜동 문화복지센터,공용,서귀포시,신서귀,대륜동,33.250293,126.513312,#N/A,29.4078341,13.50406847,5.646840149,176.75,166.0613383,5198.25,76.25531599,2399.335
한전,대유대림 아파트,아파트용,제주시,산지,일도2동,33.50314057,126.5516208,제주특별자치도 제주시 일도이동 남광로 181,50.42709411,21.5481334,3.594795539,110,181.2750929,5567.625,77.46113383,2381.07875
제주특별자치도,대정농공단지,공용,서귀포시,안덕,대정읍,33.2575209,126.2288954,#N/A,33.67298578,18.59890995,0.393656716,12.1875,13.25559701,411.25,7.321585821,228.958125
한전,대정읍사무소,공용,서귀포시,안덕,대정읍,33.22667532,126.2522736,제주특별자치도 서귀포시 대정읍 하모리 1413,43.32665044,18.86481503,12.9795539,394.0625,562.3605948,16995.4375,244.8568835,7458.671875
제주특별자치도,대진유토피아,아파트용,서귀포시,신서귀,서홍동,33.2607107,126.5558653,#N/A,34.16528926,16.82301653,1.2039801,39.4,41.13432836,1348,20.25457711,652.776
한전,대천동주민센터,공용,서귀포시,신서귀,대천동,33.251056,126.477564,제주특별자치도 서귀포시 도순로 44,33.64667747,17.74269854,2.293680297,68.9375,77.17472119,2290.4375,40.69607807,1216.1975
제주특별자치도,대포동경로당,공용,서귀포시,신서귀,중문동,33.2424264,126.4329614,#N/A,29.17456897,16.10396552,1.040358744,31.76923077,30.35201794,930.6923077,16.75390135,512.6592308
제주특별자치도,대한적십자 제주혈액원,공용,제주시,산지,이도2동,33.4912004,126.520229,#N/A,26.91151425,14.15960385,5.020446097,152.8125,135.1078067,4103.125,71.08752788,2165.30625
제주특별자치도,대흘1리마을회관 맞은편 주차장,공용,제주시,조천,조천읍,33.49847347,126.6548108,#N/A,25.3516129,13.88356452,2.707423581,81.5,68.63755459,2069.071429,37.58868996,1130.072143
제주특별자치도,대흘2리마을회관,공용,제주시,조천,구좌읍,33.51400328,126.752783,#N/A,27.74,15.44105,0.43956044,13.07142857,12.19340659,365.6428571,6.787274725,203.5014286
제주특별자치도,더럭초등학교주차장,공용,제주시,한림,애월읍,33.452799,126.345172,#N/A,26.4552909,14.45647794,4.760223048,146.5,125.9330855,3866.375,68.81605948,2104.148125
제주특별자치도,덕수리마을회관,공용,서귀포시,안덕,안덕면,33.25464328,126.3064933,#N/A,29.5707196,17.05466501,0.872294372,26.21428571,25.79437229,771.5,14.87668831,440.175
한전,도남1차e-편한세상,아파트용,제주시,산지,이도2동,33.49579182,126.5219928,제주특별자치도 제주시 도남동 오남로 7-13,49.27362366,18.34502054,2.262081784,69.25,111.4609665,3403.9375,41.4979368,1270.236875
제주특별자치도,도두공영주차장,공용,제주시,신제주,도두동,33.5042482,126.4639387,#N/A,31.95387841,15.24381551,3.057692308,89.25,97.70512821,2879.5,46.61089744,1343.325
한전,도두동 주민센터,공용,제주시,신제주,도두동,33.50311,126.468194,제주특별자치도 제주시 도두1길 9-1,42.92413793,16.08908812,4.042750929,125.125,173.5315985,5344.6875,65.04417596,2008.051667
제주특별자치도,도련공영주차장,공용,제주시,동제주,삼양동,33.507674,126.588111,#N/A,32.03571429,17.26180672,1.950819672,61.42857143,62.49590164,1956.142857,33.67467213,1043.971429
제주특별자치도,도로관리과,공용,제주시,신제주,연동,33.48514199,126.500517,#N/A,33.36912752,16.68969799,2.207407407,61.66666667,73.65925926,2072.666667,36.84096296,1050.78
한전,도로교통공단 제주지부,공용,제주시,신제주,노형동,33.4750458,126.4647778,"제주특별자치도 제주시 노형로 231 (노형동, 도로교통공단제주특별자치도지부)",45.65105008,24.75438341,1.154850746,35.9375,52.72014925,1645.125,28.58761816,887.8245833
제주특별자치도,도장애인종합복지관,공용,제주시,동제주,아라동,33.452592,126.552784,#N/A,24.96541502,14.23288538,1.888059701,59.5625,47.13619403,1492.6875,26.87253731,850.076875
제주특별자치도,도청 제2청사 후문주차장,공용,제주시,신제주,연동,33.488284,126.5000109,#N/A,30.26410038,13.73338287,15.25836431,464.6875,461.7806691,14016.875,209.5489591,6391.77375
제주특별자치도,돔베낭골노외공영주차장,공용,서귀포시,신서귀,대륜동,33.23998276,126.5318594,#N/A,26.15555556,11.88022222,0.381355932,9.333333333,9.974576271,230.3333333,4.53059322,106.97
한전,동광리버스차고지,공용,서귀포시,안덕,안덕면,33.311869,126.342535,제주특별자치도 서귀포시 안덕면 한창로 599 (동광리),29.33168317,23.57240924,1.147727273,36.9,33.66477273,1094.6,27.05469697,883.0933333
제주특별자치도,동명아파트북측공영주차장,공용,제주시,동제주,삼양동,33.52210214,126.5845376,#N/A,32.95723684,14.11773026,2.054054054,53.5,67.69594595,1752.25,28.99858108,718.62
한전,동물위생시험소(동물보호센터),공용,제주시,동제주,봉개동,33.45590005,126.5890796,제주특별자치도 제주시 첨단동길 184-14 (용강동),35.98979592,22.42397959,0.230046948,6.615384615,8.279342723,235.8461538,5.158568075,142.41
제주특별자치도,동복ESH주택,아파트용,제주시,조천,구좌읍,33.54812678,126.7064619,#N/A,32.42007435,12.06792751,2,60.75,64.8401487,1964.4375,24.13585502,730.32625
제주특별자치도,동부경찰서,공용,제주시,산지,이도2동,33.503049,126.536066,#N/A,30.52879469,15.33894455,8.682156134,265.375,265.0557621,8091.5,133.1751115,4090.900625
한전,동부농업기술센타,공용,제주시,조천,구좌읍,33.550276,126.750427,제주특별자치도 제주시 김녕남 6길 8,33.59631728,14.78608121,1.317164179,40.375,44.25186567,1333.8125,19.47569652,583.1789583
한전,동부소방서,공용,서귀포시,성산,성산읍,33.460444,126.910027,제주특별자치도 서귀포시 성산읍 일주동로 4120번길 7,46.71976967,19.07549584,1.936802974,58.25,90.48698885,2737.8125,36.94547708,1097.6475
제주특별자치도,동부종합사회복지관,공용,서귀포시,성산,성산읍,33.446705,126.913277,#N/A,31.49216301,14.6348942,4.743494424,148,149.3828996,4652.1875,69.42053903,2165.57625
제주특별자치도,동제주종합사회복지관,공용,제주시,조천,구좌읍,33.523096,126.848905,#N/A,33.16949153,13.52074153,1.757914339,54.125,58.30912477,1789.8125,23.7683054,737.705
제주특별자치도,동홍1주공아파트,아파트용,서귀포시,한라,동홍동,33.2523182,126.5726158,#N/A,32.35187058,17.62877654,1.859022556,56.875,60.14285714,1830.8125,32.77229323,1006.8775
제주특별자치도,동홍4주공아파트,아파트용,서귀포시,한라,동홍동,33.2490406,126.572562,#N/A,28.66226138,16.4551395,1.272897196,39.25,36.48411215,1118.875,20.94570093,642.996875
제주특별자치도,동홍공영노외1주차장,공용,서귀포시,한라,동홍동,33.25616183,126.5684383,#N/A,29.66581633,13.73683673,2.882352941,85.66666667,85.50735294,2514.333333,39.59441176,1159.263333
제주특별자치도,동홍공영노외2주차장,공용,서귀포시,한라,동홍동,33.25181612,126.569496,#N/A,22.75,12.595,0.571428571,NaN,13,NaN,7.197142857,NaN
제주특별자치도,동홍아파트 5단지,아파트용,서귀포시,한라,동홍동,33.26560451,126.5618453,#N/A,26.05608787,14.50683805,7.953531599,243.25,207.2379182,6350.875,115.3805948,3530.9325
제주특별자치도,동화초등학교 공영주차장,공용,제주시,동제주,화북동,33.5179387,126.576723,#N/A,31.00807043,16.19120567,7.600371747,234.8125,235.6728625,7275.4375,123.0591822,3819.4925
한전,마라도 가는 여객선,공용,서귀포시,안덕,대정읍,33.20759477,126.2903609,제주특별자치도 서귀포시 대정읍 상모리 132,46.0123839,19.64582663,3.001858736,92.375,138.1226766,4264.5625,58.97399628,1818.128125
제주특별자치도,머체왓숲길영농조합,공용,서귀포시,한라,남원읍,33.3305167,126.6739136,#N/A,30.73047619,16.14114286,1.955307263,61.4375,60.08752328,1910.125,31.56089385,994.9825
제주특별자치도,모로왓제2공영주차장,공용,제주시,산지,일도2동,33.5117328,126.544234,#N/A,33.10961094,17.56761414,20.92565056,648.3125,692.8401487,21445.8125,367.6137546,11448.98938
제주특별자치도,모슬포운진항,공용,서귀포시,안덕,대정읍,33.21102199,126.2569491,#N/A,27.73443412,15.5631063,6.265086207,192.2857143,173.7586207,5320.714286,97.50420259,2981.862143
제주특별자치도,무릉1리 다목적회관,공용,서귀포시,안덕,대정읍,33.27100109,126.200884,#N/A,30.53,14.54395,1.115241636,34.375,34.04832714,1047.0625,16.22001859,496.076875
한전,물영아리주차장,공용,서귀포시,한라,남원읍,33.36074807,126.6924479,제주특별자치도 서귀포시 남원읍 수망리 산 182-7,41.44040404,24.1906936,1.860902256,55.125,77.11654135,2310.25,45.01651629,1351.461667
한전,미듬아뜨리에 아파트,아파트용,제주시,산지,삼도2동,33.5051203,126.5226174,제주특별자치도 제주시 삼도이동 중앙로26길 25,58.16864295,27.88163373,1.416044776,42,82.36940299,2464.8125,39.48164179,1185.32625
한전,방주교회,공용,서귀포시,안덕,안덕면,33.30512625,126.3872927,제주특별자치도 서귀포시 안덕면 산록남로762번길 113 (상천리),33.35024752,14.2035757,6.007434944,188.375,200.3494424,6333,85.327057,2680.780208
한전,번개과학체험관,공용,서귀포시,한라,영천동,33.28952291,126.5886129,제주특별자치도 서귀포시 토평공단로 78-27 (토평동),52.48481308,20.12718977,4.773234201,147.9375,250.5223048,7805.1875,96.07179058,2944.506458
한전,베라체 공영주차장,공용,제주시,산지,이도2동,33.49303993,126.5454123,제주특별자치도 제주시 이도2동 1963-7,52.08181603,25.26921337,7.860594796,236.75,409.394052,12381,198.6310471,5981.951875
한전,베스트힐 주차장(조천읍),공용,제주시,조천,조천읍,33.456637,126.656834,제주특별자치도 제주시 조천읍 남조로 2109-38,42.42180095,20.43988942,0.410505837,12.75,17.41439689,545.625,8.390693904,259.3822917
제주특별자치도,보성리사무소,공용,서귀포시,안덕,대정읍,33.25120087,126.2730943,#N/A,32.25117925,14.26391509,1.576208178,45.4375,50.83457249,1458.125,22.48289963,627.849375
제주특별자치도,부면동정류장 뒤 마을시설,공용,제주시,한림,애월읍,33.41639691,126.3325313,#N/A,27.38965517,13.00806897,1.080074488,33.6875,29.58286778,911.625,14.04968343,433.540625
제주특별자치도,사계포구공영주차장,공용,서귀포시,안덕,안덕면,33.22825383,126.3052695,#N/A,30.17718665,16.04782687,5.158139535,158.6923077,155.6581395,4838.230769,82.77693023,2551.037692
제주특별자치도,삼다수숲길 주차장,공용,제주시,조천,조천읍,33.42740026,126.6740385,#N/A,24.74110169,13.99077119,5.108225108,155.7142857,126.3831169,3868.428571,71.46800866,2182.393571
제주특별자치도,삼달보건진료소,공용,서귀포시,성산,성산읍,33.37426663,126.846764,#N/A,27.88596491,16.39761404,1.266666667,38.5,35.32222222,1077.857143,20.77031111,632.2178571
제주특별자치도,삼부장미아파트남측공영주차장,공용,제주시,동제주,삼양동,33.52687169,126.5905072,#N/A,31.92125984,15.17472441,1.739726027,52,55.53424658,1631,26.39986301,787.1625
한전,삼성혈,공용,제주시,산지,이도1동,33.50430126,126.5288722,"제주특별자치도 제주시 삼성로 22 (이도일동, 삼성혈)",45.53043478,19.32664638,2.137546468,66.25,97.32342007,3031.4375,41.31160471,1281.884375
한전,삼양2동 공영주차장,공용,제주시,동제주,삼양동,33.51991173,126.5825044,제주특별자치도 제주시 삼양2동 2176-13,47.23381428,21.27969047,5.024163569,149.0625,237.3104089,7090.125,106.9126456,3175.793333
제주특별자치도,삼양동주민센터,공용,제주시,동제주,삼양동,33.5220189,126.5857478,#N/A,27.51933333,14.35703111,8.364312268,258.625,230.1802974,7103.875,120.0866914,3745.1925
제주특별자치도,삼양해수욕장 인근공영주차장,공용,제주시,동제주,삼양동,33.52477392,126.5868579,#N/A,33.18208955,17.05635821,4.926470588,148.3333333,163.4705882,4956.333333,84.02764706,2542.416667
제주특별자치도,상효1동 마을회관,공용,서귀포시,한라,영천동,33.27316218,126.5968722,#N/A,35,14.42753247,0.57037037,17,19.96296296,593.6666667,8.229037037,236.6333333
한전,새마을금고제주연수원,공용,제주시,한림,애월읍,33.41288941,126.3944119,제주특별자치도 제주시 애월읍 소길리 155-18,38.92146423,16.38415685,5.585501859,170.3125,217.3959108,6669.0625,91.51373854,2761.081125
한전,생각하는정원,공용,제주시,한림,한경면,33.32533636,126.2549869,제주특별자치도 한경면 녹차분재로 675,37.23464912,15.01264492,3.390334572,103.1875,126.2379182,3851.1875,50.8978891,1530.308396
제주특별자치도,생태관광지원센터,공용,서귀포시,한라,남원읍,33.28213162,126.6211981,#N/A,22.63636364,14.93454545,0.1375,3,3.1125,68,2.0535,46.14
제주특별자치도,서광서리복지회관,공용,서귀포시,안덕,안덕면,33.28457219,126.3018876,#N/A,28.97781721,16.65230701,2.439393939,74.85714286,70.68831169,2186.142857,40.6215368,1257.383571
제주특별자치도,서귀동 공영주차장,공용,서귀포시,한라,송산동,33.2428684,126.5665833,#N/A,30.16593363,14.83221112,4.648698885,140.4375,140.232342,4273.375,68.95048327,2107.735625
제주특별자치도,서귀포 예술의전당,공용,서귀포시,한라,천지동,33.245276,126.551742,#N/A,28.49948294,12.73996553,5.473584906,167.3125,155.9943396,4722.3125,69.73328302,2130.909375
제주특별자치도,서귀포 제2청사,공용,서귀포시,신서귀,대륜동,33.255631,126.510596,#N/A,27.30166382,13.31465246,11.9535316,367.875,326.3513011,10020.1875,159.157119,4907.8275
제주특별자치도,서귀포 테니스장,공용,서귀포시,한라,동홍동,33.257842,126.563831,#N/A,28.23788546,14.33401081,9.282527881,292.375,262.1189591,8227.25,133.055855,4195.65375
한전,서귀포개인택시조합,공용,서귀포시,한라,영천동,33.26943663,126.592884,제주특별자치도 서귀포시 중산간동로 7696 (토평동),43.14782609,19.5749971,1.070763501,32.5625,46.20111732,1407.125,20.96019243,648.3764583
제주특별자치도,서귀포공립요양원,공용,서귀포시,한라,남원읍,33.28294771,126.7153749,#N/A,28.44769404,16.25490439,1.928416486,57.78571429,54.85900217,1654.785714,31.3462256,947.5564286
한전,서귀포남원LH 아파트,아파트용,서귀포시,한라,남원읍,33.28143319,126.7212018,제주특별자치도 서귀포시 남원읍 남원체육관로 342,46.53250774,26.02848297,0.600371747,16.625,27.93680297,752.1875,15.6267658,427.24125
한전,서귀포대정LH 아파트,아파트용,서귀포시,안덕,대정읍,33.22772676,126.2523012,제주특별자치도 서귀포시 대정읍 하모중앙로 6,45.44334975,17.50468528,1.13619403,34.75,51.63246269,1588,19.88871891,601.0877083
한전,서귀포동홍3LH 아파트,아파트용,서귀포시,한라,동홍동,33.24983366,126.5739081,제주특별자치도 서귀포시 동홍동 353-1,77.92571429,37.90748571,0.327102804,9.625,25.48971963,747.9375,12.39964486,367.724375
제주특별자치도,서귀포소방서,공용,서귀포시,신서귀,대륜동,33.249663,126.514174,#N/A,30.42326733,13.64879813,6.758364312,210.875,205.6115242,6416.4375,92.24355019,2896.2325
제주특별자치도,서귀포시 일터나눔 자활센터,공용,서귀포시,신서귀,대륜동,33.2417507,126.5294316,#N/A,30.83472222,18.347875,1.345794393,42.375,41.49719626,1303.8125,24.69246729,770.634375
제주특별자치도,서귀포시 중앙교회,공용,서귀포시,한라,동홍동,33.27303357,126.568836,#N/A,30.55316285,15.97016151,1.388785047,42,42.4317757,1277.75,22.1791215,669.5175
한전,서귀포시교육지원청,공용,서귀포시,한라,영천동,33.27072086,126.5894688,제주특별자치도 서귀포시 토평동 1442-1,44.90995427,23.48957791,5.284386617,161.3125,237.3215613,7230.8125,124.1280112,3791.593958
제주특별자치도,서귀포시서부종합사회복지관,공용,서귀포시,안덕,대정읍,33.223843,126.247828,#N/A,32.01008215,14.79394698,4.977695167,151.1875,159.3364312,4829.25,73.63975836,2238.43
제주특별자치도,서귀포시선거관리위원회,공용,서귀포시,신서귀,대천동,33.25518921,126.5077006,#N/A,26.44210526,11.50568421,0.703703704,18.33333333,18.60740741,511,8.096592593,213.61
제주특별자치도,서귀포시장애인종합사회복지관,공용,서귀포시,한라,영천동,33.286786,126.584595,#N/A,29.85394352,14.88331061,1.908921933,59.25,56.98884758,1752.625,28.41107807,879.4875
제주특별자치도,서귀포시장애인회관,공용,서귀포시,한라,송산동,33.23976828,126.5645589,#N/A,30.64266667,16.21152,0.718390805,22.4375,22.01340996,688.0625,11.6462069,365.179375
제주특별자치도,서귀포시청,공용,서귀포시,신서귀,서홍동,33.253731,126.560177,#N/A,26.11584299,12.63581132,22.30297398,677.8125,582.4609665,17569.5,281.816171,8629.64125
한전,서귀포의료원,공용,서귀포시,한라,동홍동,33.25623,126.564014,제주특별자치도 서귀포시 동홍동 1530-2,39.37787567,21.28998858,3.79739777,114.1875,149.5334572,4502,80.84655514,2429.298125
한전,서귀포지사,업무용,서귀포시,신서귀,대륜동,33.254374,126.510819,제주특별자치도 서귀포시 신중로 56,43.24927895,20.32434098,13.53345725,411.5,585.3122677,17774.25,275.0585998,8393.839583
한전,서귀포해양경찰서,공용,서귀포시,신서귀,대륜동,33.251271,126.513811,제주특별자치도 서귀포시 서호남로 11,54.95430393,21.93766206,1.752327747,53.8125,96.29795158,2929.3125,38.44197393,1169.6525
제주특별자치도,서귀포향토오일시장,공용,서귀포시,한라,동홍동,33.2667053,126.57322,#N/A,29.55381166,14.07755605,3.054794521,79.5,90.28082192,2359,43.0040411,1135.2675
한전,서귀포향토오일장,공용,서귀포시,한라,동홍동,33.26716385,126.5730314,"제주특별자치도 서귀포시 중산간동로7894번길 18-5 (동홍동, 국제종합창호)",51.90659341,27.60536859,2.706319703,84.1875,140.4758364,4350.0625,74.70895291,2324.269375
한전,서귀포혁신LH1단지,아파트용,서귀포시,신서귀,대륜동,33.24958642,126.5236552,제주특별자치도 서귀포시 서호동 서호남로 92-15,59.06486486,18.62414414,0.689013035,20.625,40.69646182,1204,12.83227809,383.7608333
한전,서귀포혁신LH2단지,아파트용,서귀포시,신서귀,대륜동,33.2480065,126.5198351,제주특별자치도 서귀포시 서호동 서호남로 92-16,57.14344262,17.22827869,0.910447761,28.625,52.0261194,1668.125,15.68544776,488.646875
한전,서부경찰서,공용,제주시,한림,애월읍,33.473854,126.406239,제주특별자치도 제주시 애월읍 애조로 215,42.36503623,18.84119867,6.22556391,190.5625,263.7462406,8044.4375,117.2970865,3556.727083
한전,서부농업기술센터,공용,제주시,한림,한림읍,33.35376182,126.2486857,제주특별자치도 제주시 한림읍 월림7길 90,35.36962248,13.61697981,2.121042831,63.75,75.02048417,2255.6875,28.88219739,850.193125
한전,서부소방서,공용,제주시,한림,한림읍,33.402687,126.270434,제주특별자치도 제주시 한림읍 한림중앙로 150,39.09329994,20.23308495,2.968401487,89.625,116.0446097,3487.0625,60.05991945,1803.817083
제주특별자치도,서부소방서 안덕 119센터,공용,서귀포시,안덕,안덕면,33.2511264,126.330902,#N/A,26.51549755,14.25184339,1.141527002,35.5,30.26815642,932.375,16.26886406,498.716875
한전,서커스월드공연장,공용,서귀포시,안덕,안덕면,33.314364,126.3445961,제주특별자치도 서귀포시 안덕면 동광리 886,34.20768909,12.4003566,4.44795539,132.375,152.1542751,4531.125,55.15623296,1598.007917
제주특별자치도,성내 공영주차장,공용,제주시,산지,삼도2동,33.51214248,126.5200397,#N/A,29.76530612,13.90520408,1.96,50.5,58.34,1534.75,27.2542,685.2725
제주특별자치도,성산공설묘지,공용,서귀포시,성산,성산읍,33.43520543,126.8178509,#N/A,25.7797619,12.76642857,1.253731343,39.66666667,32.32089552,1068,16.00567164,528.6766667
제주특별자치도,성산보건지소,공용,서귀포시,성산,성산읍,33.447217,126.915426,#N/A,30.22005988,14.0123503,4.985074627,150.3333333,150.6492537,4486,69.85261194,2050.226667
제주특별자치도,성산읍노인복지회관,공용,서귀포시,성산,성산읍,33.448609,126.906512,#N/A,30.0066335,13.79478165,3.362453532,104.375,100.8959108,3142.3125,46.38431227,1440.885625
제주특별자치도,성산읍사무소,공용,서귀포시,성산,성산읍,33.442122,126.911023,#N/A,27.7564646,13.9499947,17.53903346,539.375,486.8215613,14892.625,244.6694238,7514.5625
환경부,성산일출봉 공영주차장,공용,서귀포시,성산,성산읍,33.4619365,126.9355814,#N/A,36.04580153,13.24249364,12.67741935,NaN,456.9677419,NaN,167.8806452,NaN
한전,성산하수처리장,공용,서귀포시,성산,성산읍,33.452052,126.918956,제주특별자치도 서귀포시 성산읍 고성동서로 115,43.15496368,20.82654964,3.07063197,90.25,132.5130112,3909.0625,63.95066914,1891.879583
환경부,성산항 공영주차장,공용,서귀포시,성산,성산읍,33.4726789,126.9322508,#N/A,31.16721915,17.86390055,7.438356164,236.4,231.8328767,7324.3,132.8780548,4179.772
환경부,성읍119지역센터,공용,서귀포시,표선,표선면,33.3833939,126.7946568,#N/A,21.42105263,16.94947368,0.633333333,NaN,13.56666667,NaN,10.73466667,NaN
제주특별자치도,성읍문화마을 주차장,공용,서귀포시,표선,표선면,33.39415042,126.7981694,#N/A,30.6259542,18.18358779,0.97761194,26.66666667,29.94029851,827,17.77649254,488.8366667
제주특별자치도,성읍민속마을주차장,공용,서귀포시,표선,표선면,33.38452705,126.8012807,#N/A,27.55792683,15.44773519,4.958963283,152.1428571,136.6587473,4201.214286,76.60475162,2357.648571
제주특별자치도,성읍보건진료소,공용,서귀포시,표선,표선면,33.39046,126.8019732,#N/A,23.39417178,13.57513804,1.423580786,44,33.30349345,1037.785714,19.32530568,602.6564286
제주특별자치도,세화리사무소,공용,제주시,조천,구좌읍,33.52699196,126.8560322,#N/A,30.4645799,17.44616694,3.993421053,123.0714286,121.6578947,3748.714286,69.66989035,2138.206429
환경부,소공원 주차장,공용,제주시,한림,한림읍,33.4423,126.2896,#N/A,28.73406593,21.61349451,2.357512953,64,67.74093264,1821.6,50.95409326,1380.17
제주특별자치도,소망요양원,공용,제주시,조천,구좌읍,33.547932,126.731643,#N/A,26.22368421,13.98881579,0.142589118,4.3125,3.739212008,113.625,1.994652908,60.426875
제주특별자치도,송악도서관 입구주차장,공용,서귀포시,안덕,대정읍,33.22643813,126.2479267,#N/A,31.58733722,16.47151774,4.799568966,149.6428571,151.6056034,4734.285714,79.05618534,2464.524286
제주특별자치도,송악산공영주차장,공용,서귀포시,안덕,대정읍,33.206038,126.288949,#N/A,33.01591271,13.45749034,8.237827715,252.8125,271.9794007,8348.6875,110.8604869,3388.909375
환경부,수덕공영주차장,공용,제주시,신제주,노형동,33.48346416,126.4742482,#N/A,27.69628199,15.41520039,3.849442379,113.8125,106.6152416,3184.4375,59.33992565,1767.23625
제주특별자치도,수망리다목적회관,공용,서귀포시,한라,남원읍,33.3284689,126.713685,#N/A,31.04539386,13.53252336,1.394785847,42.375,43.30167598,1333.6875,18.87497207,579.105
한전,수산1리 복지회관,공용,서귀포시,성산,성산읍,33.446088,126.883146,제주특별자치도 서귀포시 성산읍 수산리 703-1,35.69214876,20.1419146,1.799256506,55.1875,64.21933086,1978,36.24047088,1127.447708
제주특별자치도,수산보건진료소,공용,서귀포시,성산,성산읍,33.44602761,126.8827174,#N/A,24.63803681,14.80554192,2.187919463,70.46153846,53.90604027,1738.923077,32.39333333,1048.88
한전,스마트그리드 홍보관,공용,제주시,조천,구좌읍,33.55709901,126.8131196,제주특별자치도 제주시 구좌읍 행원리 575-20,40.68272859,18.49520755,6.403345725,195.875,260.5055762,7897.5625,118.4312082,3647.150625
제주특별자치도,시민복지타운 공영주차장,공용,제주시,산지,이도2동,33.4888961,126.5259043,#N/A,29.4291498,13.54174457,20.20074349,609.25,594.4907063,17880.875,273.5533086,8256.78625
제주특별자치도,신도보건진료소,공용,서귀포시,안덕,대정읍,33.277487,126.174261,#N/A,30.41960784,13.7215098,0.969581749,29.5,29.49429658,899.625,13.30412548,403.1025
제주특별자치도,신례리공영주차장,공용,서귀포시,한라,남원읍,33.28825123,126.6275198,#N/A,28.14388489,13.93870504,0.926666667,28.25,26.08,781.25,12.91653333,388.6875
제주특별자치도,신산동경로당,공용,제주시,조천,구좌읍,33.55257433,126.752783,#N/A,26.50578035,13.83656069,0.77752809,25.30769231,20.60898876,667.8461538,10.75831461,344.3215385
제주특별자치도,신산리마을회관,공용,서귀포시,성산,성산읍,33.38017892,126.8755436,#N/A,29.9488189,19.01545276,1.123893805,34.14285714,33.65929204,1027.357143,21.37134956,652.0378571
제주특별자치도,신산청소년문화의집,공용,서귀포시,성산,성산읍,33.381135,126.877353,#N/A,33.88401254,10.91822362,1.778810409,55.875,60.2732342,1884.1875,19.42144981,602.058125
한전,신성로 공영주차장,공용,제주시,산지,이도2동,33.49597363,126.5297437,제주특별자치도 제주시 신성로10길 10 (도남동),52.38379888,26.13440596,8.403755869,257.0769231,440.2206573,13580.38462,219.6271674,6736.997949
제주특별자치도,신제주공영주차장,공용,제주시,신제주,연동,33.48905273,126.4914925,#N/A,32.15089035,15.43340206,7.209459459,197,231.7905405,6320.25,111.2664865,2958.0825
제주특별자치도,신풍보건진료소,공용,서귀포시,성산,성산읍,33.36121113,126.8388508,#N/A,28.05089059,16.2216285,0.879194631,29,24.66219239,811.2307692,14.26196868,467.3423077
환경부,신화역사공원 조성사업,공용,서귀포시,안덕,안덕면,33.29715,126.305416,#N/A,26.8377425,19.66444444,1.553424658,39.3,41.69041096,1031.5,30.54723288,793.037
환경부,신흥2리 리사무소,공용,서귀포시,한라,남원읍,33.3212621,126.745593,#N/A,26.43646409,18.95149171,1.222972973,36,32.33108108,887,23.17716216,661.48
제주특별자치도,신흥리공영주차장,공용,제주시,조천,조천읍,33.54806507,126.650319,#N/A,31.79856115,11.69402878,1.878378378,52,59.72972973,1671,21.96581081,573.24
제주특별자치도,신흥보건진료소,공용,서귀포시,한라,남원읍,33.31984284,126.7479063,#N/A,31.04990403,18.18241843,1.127705628,35.07142857,35.01515152,1097.857143,20.50441558,641.7435714
제주특별자치도,심인요양원,공용,제주시,신제주,노형동,33.47109423,126.4744977,#N/A,28.88118812,16.76915842,0.434408602,13,12.54623656,381.3571429,7.284666667,221.8285714
제주특별자치도,아라119안전센터,공용,제주시,동제주,아라동,33.4680431,126.5657619,#N/A,24.65147783,12.27715517,1.75,52.5,43.14008621,1308.785714,21.48502155,647.4021429
제주특별자치도,아라동공영주차장,공용,제주시,동제주,아라동,33.47830396,126.5528918,#N/A,30.25281426,16.76420732,3.962825279,122.5625,119.8866171,3700.4375,66.43362454,2047.9475
제주특별자치도,아라동사무소,공용,제주시,동제주,아라동,33.4763042,126.5449827,#N/A,28.37924564,12.33152937,9.905204461,297.5625,281.1022305,8489.3125,122.1463197,3615.11625
한전,아라아이파크,아파트용,제주시,동제주,아라동,33.47757313,126.5501258,제주특별자치도 제주시 아라일동 인다1길 20,53.04603271,25.91625278,3.074487896,93.25,163.0893855,4905.125,79.67920546,2412.367083
한전,아라원신 아파트,아파트용,제주시,동제주,아라동,33.47152858,126.5441369,제주특별자치도 제주시 아라일동 중앙로 578,56.90296496,26.02076819,2.758364312,85.0625,156.9591078,4779.5625,71.77475836,2172.668125
환경부,아라지구 공영주차장,공용,제주시,동제주,아라동,33.4701598,126.5466775,#N/A,31.91480543,15.47127101,11.89863014,354.3,379.7424658,11188.5,184.0869315,5456.222
환경부,아시아CGI애니메이션센터,공용,서귀포시,한라,동홍동,33.252386,126.56704,#N/A,33.28598044,20.29388915,5.882191781,176.3,195.7945205,5836.3,119.3725479,3571.437
한전,아트리움공연장,공용,제주시,신제주,노형동,33.46509679,126.4552733,제주특별자치도 제주시 해안동 2139-1,37.5505923,15.89850609,7.531598513,237.0625,282.8159851,8969.1875,119.7411648,3766.704167
한전,안덕계곡 주차장,공용,서귀포시,안덕,안덕면,33.257836,126.353287,제주특별자치도 서귀포시 감산리 345,35.34924623,16.97024009,6.657992565,205,235.3550186,7286.0625,112.9877323,3460.333542
환경부,안덕면사무소,공용,서귀포시,안덕,안덕면,33.257546,126.330743,#N/A,28.25166192,17.91755935,5.769863014,180.1,163.0082192,5082.6,103.381863,3261.624
한전,안덕면종합복지회관,공용,서귀포시,안덕,안덕면,33.24603059,126.3335342,제주특별자치도 서귀포시 안덕면 화순로 121-5,44.37221269,19.21755289,1.0917603,32.625,48.44382022,1464.5625,20.9809613,636.0333333
한전,안덕생활체육관,공용,서귀포시,안덕,안덕면,33.256075,126.328364,제주특별자치도 서귀포시 화순서서로 59,41.83058306,19.5703117,3.379182156,99.3125,141.3531599,4171.25,66.13164808,1956.154167
환경부,안덕우체국 뒤 주차장,공용,서귀포시,안덕,안덕면,33.2460981,126.3348886,#N/A,33.87696119,13.84927333,3.317808219,98.5,112.3972603,3318,45.94923288,1347.38
한전,애월119센터,공용,제주시,한림,애월읍,33.466829,126.348878,제주특별자치도 제주시 애월읍 일주서로 6513,34.38180222,15.81962844,6.353159851,194,218.4330855,6740.3125,100.5046283,3086.012083
환경부,애월국민체육센터,공용,제주시,한림,애월읍,33.4854623,126.413714,#N/A,30.76588022,25.23504537,2.85492228,72.6,87.83419689,2197.6,72.04409326,1852.496
환경부,애월읍사무소,공용,제주시,한림,애월읍,33.462511,126.32973,#N/A,27.54197105,14.42957684,13.48513011,422.625,371.4070632,11619.5625,194.5847212,6074.5425
제주특별자치도,애월체육관,공용,제주시,한림,애월읍,33.46286,126.332481,#N/A,26.55967946,13.64613665,7.12012012,214.7777778,189.1081081,5690.444444,97.16213213,2905.786667
제주특별자치도,약천사,공용,서귀포시,신서귀,중문동,33.243712,126.4505592,#N/A,28.24472574,14.36455696,3.485294118,110.6666667,98.44117647,3164.666667,50.06470588,1586.87
환경부,양지(추모)공원,공용,제주시,동제주,아라동,33.43966,126.579013,#N/A,22.44192635,18.42286119,0.972451791,30.3,21.82369146,672.9,17.91534435,571.412
제주특별자치도,양지공원,공용,제주시,동제주,아라동,33.440365,126.580201,#N/A,27.09427313,11.97875771,2.121495327,64.6875,57.48037383,1744.25,25.4128785,780.13125
한전,에덴빌리지2차,아파트용,제주시,조천,조천읍,33.53140293,126.6654939,제주특별자치도 제주시 조천읍 조천우회로 527,53.93150685,23.22025114,0.834285714,25.8125,44.99428571,1381,19.37232381,592.87
제주특별자치도,에코촌 유스호스텔,공용,제주시,조천,조천읍,33.5168867,126.7037204,#N/A,22.33124019,10.92945055,1.188432836,36.9375,26.5391791,835.375,12.98891791,404.585
한전,연동대림1차아파트,아파트용,제주시,신제주,연동,33.48023672,126.4892416,제주특별자치도 제주시 연동 국기로 14,46.5890411,19.22338694,3.120817844,97.6875,145.3959108,4532.3125,59.99268897,1873.854583
제주특별자치도,연동대림2차아파트,아파트용,제주시,신제주,연동,33.47907543,126.4895631,#N/A,33.02681992,17.98710728,0.990512334,30.1875,32.71347249,995.1875,17.81645161,544.77625
한전,연동한일시티,아파트용,제주시,신제주,연동,33.49160114,126.4885508,제주특별자치도 제주시 연동 2325-7,37.8968254,18.8228836,0.237288136,6.8125,8.992467043,241.125,4.466446955,126.2314583
환경부,영락교회 인근 공영주차장,공용,제주시,산지,일도2동,33.5103385,126.544115,#N/A,31.16987741,13.47581874,6.257534247,193.5,195.0465753,5990.8,84.32539726,2636.741
환경부,영락리사무소,공용,서귀포시,안덕,대정읍,33.2582494,126.2108617,#N/A,25.68253968,19.18777778,0.425675676,11,10.93243243,266.6666667,8.16777027,206.27
한전,영산홍주택,아파트용,제주시,산지,이도2동,33.49622195,126.5403595,제주특별자치도 제주시 이도2동 405,59.11120841,21.71287215,2.12267658,63.6875,125.4739777,3788.75,46.0894052,1381.405
한전,영실매표소,공용,서귀포시,신서귀,중문동,33.340577,126.480083,제주특별자치도 서귀포시 영실로 246,34.61723447,19.02538633,2.798130841,85.875,96.8635514,2978.5625,53.23552025,1633.240417
한전,영어교육도시119센터,공용,서귀포시,안덕,대정읍,33.282212,126.272676,"제주특별자치도 서귀포시 대정읍 에듀시티로 238 (보성리, 제주영어교육도시 119센터)",45.56665899,25.50327423,8.072490706,240.5,367.8364312,10975.25,205.8749442,6196.355833
제주특별자치도,영평하동 마을회관,공용,제주시,동제주,아라동,33.4863137,126.5738883,#N/A,28.80879346,14.80825153,1.824626866,57,52.56529851,1641.8125,27.01953358,835.251875
한전,예래동주민센터,공용,서귀포시,신서귀,예래동,33.254524,126.397962,제주특별자치도 서귀포시 예래로 82,33.73729176,17.12983198,4.351301115,134,146.8011152,4501.9375,74.537057,2311.181875
제주특별자치도,오라동주민센터,공용,제주시,신제주,오라동,33.495095,126.511678,#N/A,27.12421683,11.49832471,6.823420074,209.625,185.0799257,5663.5625,78.45789963,2401.745
환경부,오일시장 일대 공영주차장,공용,제주시,신제주,도두동,33.4965694,126.4738058,#N/A,33.03142984,14.51034086,12.37808219,380,408.8657534,12485,179.6101918,5453.038
환경부,오일장 인근 주차장,공용,제주시,조천,구좌읍,33.524856,126.8568472,#N/A,35.55605719,12.99056433,3.64109589,104,129.4630137,3712,47.29989041,1340.642
제주특별자치도,오조리종합복지회관,공용,서귀포시,성산,성산읍,33.46122686,126.9152279,#N/A,29.97333333,17.41469333,1.623376623,49.57142857,48.65800866,1487.857143,28.27060606,860.4707143
제주특별자치도,온평리사무소,공용,서귀포시,성산,성산읍,33.40813315,126.9001592,#N/A,31.232,14.65220571,1.626394052,47.1875,50.79553903,1473.75,23.83026022,695.813125
제주특별자치도,옹포리사무소,공용,제주시,한림,한림읍,33.4034078,126.2553962,#N/A,29.94562447,11.92037383,2.187732342,67.125,65.51301115,1997.4375,26.07858736,778.000625
제주특별자치도,와흘리사무소,공용,제주시,조천,조천읍,33.50469403,126.6349864,#N/A,31.41566265,18.75473896,1.087336245,32.35714286,34.15938865,1016.571429,20.39270742,608.0492857
환경부,외도119센터,공용,제주시,신제주,외도동,33.486439,126.43774,#N/A,28.02180233,24.05277616,2.308724832,65.5,64.69463087,1819,55.53124161,1624.71125
환경부,외도구획정리지구 공영주차장,공용,제주시,신제주,외도동,33.4899205,126.4325935,#N/A,35.07662338,12.76263636,8.438356164,245.4,295.9890411,8503.8,107.6956712,3221.246
제주특별자치도,외도구획정리지구공영주차장,공용,제주시,신제주,외도동,33.49175217,126.4322358,#N/A,32.14808044,15.30001828,7.391891892,210.5,237.6351351,6746.5,113.0960811,3166.165
제주특별자치도,외도동 공영주차장,공용,제주시,신제주,외도동,33.487676,126.429739,#N/A,26.65133837,14.31497255,5.539923954,171.9375,147.6463878,4539.4375,79.30385932,2448.533125
제주특별자치도,외도동생활문화센터,공용,제주시,신제주,외도동,33.48851573,126.4334761,#N/A,28.47316103,15.67693439,4.67472119,140.6875,133.1040892,3975.9375,73.2852974,2195.866875
제주특별자치도,용담1동노인복지회관,공용,제주시,산지,용담1동,33.51139003,126.5146313,#N/A,28.47776994,14.87300635,3.047311828,93.35714286,86.78064516,2648.928571,45.32268817,1386.141429
환경부,용담1동주민센터,공용,제주시,산지,용담1동,33.509217,126.513524,#N/A,34.2985202,22.18323278,9.62739726,293.3,330.2054795,9997.2,213.5667945,6669.393
제주특별자치도,용담2동 주민센터,공용,제주시,산지,용담2동,33.511492,126.511663,#N/A,29.35722071,11.08502452,6.847014925,211.4375,201.0093284,6176.625,75.89932836,2341.695625
환경부,용두암 공영주차장,공용,제주시,산지,용담2동,33.51478249,126.5115327,#N/A,26.18108883,17.60584527,4.780821918,146.8,125.1671233,3857.6,84.17041096,2588.552
한전,용머리해안,공용,서귀포시,안덕,안덕면,33.2339822,126.3111,제주특별자치도 서귀포시 안덕면 사계남로216번길 28,35.15704949,18.32792966,9.953531599,308.25,349.936803,10873.75,182.427627,5655.607292
환경부,용암해수산업화지원센터,공용,제주시,조천,구좌읍,33.5423831,126.8121624,#N/A,28.12524851,14.83785288,1.381868132,43.3,38.86538462,1212.3,20.50395604,652.029
환경부,용암해수산업화지원센터 2호관,공용,제주시,조천,구좌읍,33.541291,126.816172,#N/A,31.78021978,25.4367033,1.25,36,39.72527473,1127.1,31.79587912,946.447
제주특별자치도,용운동복지회관,공용,제주시,한림,한림읍,33.43578576,126.2722875,#N/A,27.66987488,15.70004812,2.239224138,69.21428571,61.95905172,1918.857143,35.15592672,1081.966429
한전,용흥리사무소,공용,제주시,한림,애월읍,33.45877991,126.3694208,제주특별자치도 제주시 애월읍 신엄리 1818-1,37.83478261,19.98585507,0.541176471,16,20.47529412,605.9230769,10.81587451,325.8366667
제주특별자치도,우당도서관,공용,제주시,산지,건입동,33.51485073,126.5482259,#N/A,29.13574551,13.88156387,9.212527964,295.9230769,268.4138702,8607.153846,127.8842953,4083.935385
제주특별자치도,우성아파트 1단지,아파트용,제주시,산지,일도2동,33.5020582,126.5487189,#N/A,34.00330033,17.34719472,1.449760766,41.16666667,49.29665072,1404.5,25.1492823,710.7833333
제주특별자치도,우주전파센터,공용,제주시,한림,한림읍,33.42704154,126.2968731,#N/A,29.03609342,14.61023355,1.015086207,32,29.47413793,922.9285714,14.83064655,460.115
한전,웅전공영주차장,공용,제주시,신제주,노형동,33.48261951,126.4720019,"제주특별자치도 제주시 수덕5길 71-1 (노형동, 웅전주택)",52.19286658,28.35301409,4.401162791,136.7,229.7093023,7225.3,124.7862306,3892.229
환경부,월드컵경기장,공용,서귀포시,신서귀,대륜동,33.246551,126.5071,#N/A,29.64497686,22.09369181,10.0630137,313.5,298.3178082,9194.8,222.3291233,6974.899
환경부,월드컵경기장 인근 공영주차장,공용,서귀포시,신서귀,대륜동,33.2475057,126.510693,#N/A,32.57635675,14.82749264,6.512328767,194.5,212.1479452,6304.3,96.56150685,2876.011
제주특별자치도,월평마을회관(다목적건물),공용,서귀포시,신서귀,대천동,33.246113,126.4607802,#N/A,30.88938382,15.86927988,2.517757009,78.375,77.77196262,2417,39.95499065,1239.213125
제주특별자치도,위미2리 다목적회관,공용,서귀포시,한라,남원읍,33.2831345,126.661455,#N/A,31.38548753,14.02970522,0.819702602,25.625,25.7267658,811.9375,11.50018587,353.95125
제주특별자치도,위미2리사무소,공용,서귀포시,한라,남원읍,33.2753795,126.6686096,#N/A,29.44642082,16.08809111,4.284386617,133.0625,126.1598513,3920.4375,68.92760223,2145.981875
제주특별자치도,위미3리사무소,공용,서귀포시,한라,남원읍,33.2755692,126.6879246,#N/A,29.86548223,15.37705584,1.464684015,44.5625,43.74349442,1344.1875,22.52252788,686.3125
환경부,위미의례회관,공용,서귀포시,한라,남원읍,33.289615,126.6576261,#N/A,29.72108844,12.81154762,1.610958904,45.8,47.87945205,1409.5,20.63887671,608.718
한전,유리의성,공용,제주시,한림,한경면,33.31372732,126.2723234,"제주특별자치도 제주시 한경면 녹차분재로 462 (저지리, 유리의 성)",39.03640501,18.08324232,3.267657993,100.25,127.5576208,3912,59.0898513,1797.99
한전,유수암,공용,제주시,한림,애월읍,33.424263,126.408643,"제주특별자치도 제주시 애월읍 유수암평화길 227 (유수암리, 해모루)",36.27108612,16.48388379,6.280669145,190.9375,227.8066914,6988.8125,103.5298203,3147.100417
환경부,유수암리사무소,공용,제주시,한림,애월읍,33.4413677,126.4031558,#N/A,31.40148699,23.62446097,1.393782383,36.6,43.76683938,1102.8,32.92735751,850.202
제주특별자치도,의귀교회 인근 공영주차장,공용,서귀포시,한라,남원읍,33.311752,126.713374,#N/A,31.73148148,17.28212963,0.802973978,25.125,25.4795539,794.625,13.87710037,432.67625
제주특별자치도,의귀보건진료소,공용,서귀포시,한라,남원읍,33.30972012,126.7147705,#N/A,30.18983957,18.06016043,0.807775378,25.07142857,24.38660907,756.0714286,14.58855292,451.0592857
한전,이도2동 공영주차장,공용,제주시,산지,이도2동,33.49677893,126.5349868,제주특별자치도 제주시 오복3길 9 (이도이동),36.54323725,21.31391722,1.058685446,30.92307692,38.68779343,1128.230769,22.56473396,658.9151282
제주특별자치도,이도2동공영주차장,공용,제주시,산지,이도2동,33.496343,126.536988,#N/A,34.22922636,15.09598854,1.412955466,44.14285714,48.36437247,1521.428571,21.32995951,676.2042857
제주특별자치도,이도2지구공영주차장,공용,제주시,산지,이도2동,33.4916429,126.5378514,#N/A,31.02585034,14.07032653,5,145.5,155.1292517,4540.5,70.35163265,2009.815
제주특별자치도,이도빌리지,아파트용,제주시,동제주,아라동,33.4498012,126.5535836,#N/A,30.88621444,18.02980306,0.872137405,25.625,26.9370229,800,15.72446565,466.291875
제주특별자치도,이도이동 복층화 공영주차장,공용,제주시,산지,이도2동,33.496804,126.534987,#N/A,28.03992929,13.18899657,17.87546468,545.8125,501.2267658,15263.1875,235.7594424,7189.431875
제주특별자치도,이도이동노외공영주차장,공용,제주시,산지,이도2동,33.49043848,126.5428174,#N/A,31.92978723,16.27806383,3.175675676,93,101.3986486,2996,51.69385135,1514.9875
환경부,이도주민센터,공용,제주시,산지,이도1동,33.5068398,126.5271784,#N/A,34.96533093,15.50009005,6.084931507,181.3,212.7616438,6295.9,94.3169863,2804.502
환경부,이호동 주민센터,공용,제주시,신제주,이호동,33.5000077,126.4580641,#N/A,31.91080402,13.33937186,6.542465753,200,208.7753425,6323,87.27238356,2667.531
제주특별자치도,인재개발원,공용,제주시,동제주,아라동,33.446691,126.559766,#N/A,26.57076519,13.34762568,9.223463687,287.125,245.0744879,7595.125,123.1113408,3810.083125
제주특별자치도,인제공영주차장,공용,제주시,산지,일도2동,33.5048166,126.5419257,#N/A,31.05152786,14.39713601,7.985645933,240.1666667,247.9665072,7485.333333,114.9704306,3419.795
제주특별자치도,일과1리복지회관,공용,서귀포시,안덕,대정읍,33.23467109,126.2397066,#N/A,27.63978495,14.18182796,0.408791209,12.28571429,11.2989011,338.7857143,5.797406593,172.4935714
한전,일도2차신천지,아파트용,제주시,산지,일도2동,33.5061182,126.5463276,제주특별자치도 제주시 일도이동 천수로 92,51.6221336,23.78186441,1.864312268,57,96.23977695,2917.875,44.33682156,1355.45625
제주특별자치도,일도대림1차아파트,아파트용,제주시,산지,일도2동,33.5009473,126.550594,#N/A,28.3768997,17.5481079,2.47834275,76.9375,70.32768362,2172.6875,43.49022599,1344.53125
제주특별자치도,일도삼주아파트,아파트용,제주시,산지,일도2동,33.503724,126.543192,#N/A,30.92452026,14.60430704,4.358736059,133.4375,134.7918216,4126.9375,63.6563197,1990.0325
환경부,일출랜드,공용,서귀포시,성산,성산읍,33.381622,126.84219,#N/A,27.24,19.18458462,0.897790055,27.4,24.4558011,736.8,17.22372928,534.871
제주특별자치도,자광원,공용,서귀포시,신서귀,중문동,33.247151,126.448444,#N/A,33.03345725,16.19594796,1.001862197,31,33.09497207,1016.0625,16.22610801,497.221875
제주특별자치도,장전리사무소,공용,제주시,한림,애월읍,33.4506,126.389,#N/A,27.42693191,14.99836266,2.841304348,85.78571429,77.92826087,2363.357143,42.61491304,1288.629286
환경부,저지 다온빌라 공용주차장,공용,제주시,한림,한경면,33.3376,126.2638,#N/A,22,17.83363636,0.323529412,NaN,7.117647059,NaN,5.769705882,NaN
한전,저지리사무소,공용,제주시,한림,한경면,33.33262667,126.2558563,"제주특별자치도 제주시 한경면 중산간서로 3675 (저지리, 저지리복지회관)",47.56026786,23.5266183,1.665427509,51.125,79.20817844,2447.25,39.18187732,1214.67
제주특별자치도,정방동공영주차장,공용,서귀포시,한라,정방동,33.247842,126.565355,#N/A,31.26511226,16.27489853,8.609665428,263.8125,269.1821561,8195,140.1214312,4283.18125
제주특별자치도,정방동문화의집,공용,서귀포시,한라,정방동,33.246493,126.570366,#N/A,27.17234043,14.2672766,1.753731343,54.4375,47.65298507,1483.8125,25.02097015,779.84875
한전,정방폭포,공용,서귀포시,한라,송산동,33.245004,126.573164,제주특별자치도 서귀포시 동홍동278,32.97884148,18.05784831,5.358736059,161.1875,176.7249071,5310,96.76724287,2901.873958
한전,정원파인즈 10차,아파트용,제주시,산지,이도2동,33.48825397,126.5284429,제주특별자치도 제주시 도남동 137-4,50.95,22.2675,0.037523452,1.0625,1.911819887,54.375,0.835553471,24.4225
제주특별자치도,정존공영주차장,공용,제주시,신제주,노형동,33.485476,126.474753,#N/A,28.24367317,13.28511208,11.19838057,339.5714286,316.2834008,9631.142857,148.7717409,4565.721429
제주특별자치도,정혜재활원,공용,서귀포시,한라,영천동,33.28473,126.580989,#N/A,32.84489796,13.98926531,0.459662289,13.9375,15.09756098,472.375,6.430337711,198.1625
환경부,제스코 서귀포점,공용,서귀포시,한라,영천동,33.262444,126.595899,#N/A,25.97284806,18.45010399,4.742465753,141.4,123.1753425,3628.5,87.4989863,2670.497
환경부,제스코마트,공용,제주시,산지,이도2동,33.480929,126.529513,#N/A,29.04846626,20.08542454,22.32876712,665.3,648.6164384,19100.2,448.4827671,13601.38
한전,제일일출연립주택,아파트용,제주시,신제주,노형동,33.46450302,126.4498468,제주특별자치도 제주시 해안동 해안마을북길 13-13,73.71606864,35.66882995,1.191449814,36.125,87.82899628,2669.625,42.49762082,1294.380625
한전,제주 교육대학교,공용,제주시,동제주,화북동,33.51428066,126.552623,제주특별자치도 일주동로 61,38.27112232,16.44151604,4.421933086,132.75,169.232342,5066.25,72.70328377,2174.49375
한전,제주 동부보건소,공용,제주시,조천,구좌읍,33.554663,126.751331,제주특별자치도 제주시 구좌읍 김녕료 14길 6,39.09735654,18.69875672,5.765799257,176.1875,225.4275093,6863.375,107.8132776,3277.120833
한전,제주 삼양 유적지,공용,제주시,동제주,삼양동,33.523906,126.58817,"제주특별자치도 제주시 선사로2길 13 (삼양일동, 제주 삼양동 유적)",41.24564159,19.83506309,11.83457249,364.125,488.1245353,14979.625,234.7394919,7256.379167
환경부,제주 청소년수련원 도로변 주차장,공용,제주시,한림,한림읍,33.3778,126.2379,#N/A,29.48148148,20.90444444,0.272727273,0.8,8.04040404,6.4,5.701212121,5.342
환경부,제주4.3평화재단 공원,공용,제주시,동제주,봉개동,33.450197,126.621615,#N/A,29.04046858,21.81343983,2.57967033,81.1,74.91483516,2325.5,56.27148352,1761.037
제주특별자치도,제주4·3평화공원,공용,제주시,동제주,봉개동,33.450701,126.62133,#N/A,28.90845481,13.11104373,3.187732342,96.9375,92.15241636,2781.1875,41.79449814,1267.185625
환경부,제주감귤농협유통사업단(2유통센터),공용,서귀포시,한라,남원읍,33.3131621,126.7433747,#N/A,28.08333333,26.72416667,0.774193548,NaN,21.74193548,NaN,20.68967742,NaN
한전,제주경찰교육센터,공용,제주시,동제주,아라동,33.44113169,126.5656366,제주특별자치도 제주시 516로 2927,44.98571429,17.48785714,0.130597015,3.875,5.875,169.3125,2.28386194,65.4675
한전,제주고성LH 아파트,아파트용,제주시,한림,애월읍,33.46567923,126.4107262,제주특별자치도 제주시 애월읍 고성서3길 15-5,53.51861199,19.59878233,2.946096654,90.5,157.6710037,4798.3125,57.73990706,1776.14625
제주특별자치도,제주공천포전지훈련센터,공용,서귀포시,한라,남원읍,33.277305,126.64134,#N/A,32.08163265,14.41729427,2.82867784,87.3125,90.74860335,2791,40.78188082,1252.904375
한전,제주공항,공용,제주시,산지,용담2동,33.50475714,126.4933755,제주특별자치도 제주시 용담2동 1950-5,33.03602474,14.26595601,22.23791822,679.3125,734.6524164,22410.5,317.2451629,9560.511667
제주특별자치도,제주교도소 민원인주차장,공용,제주시,신제주,오라동,33.4627872,126.515054,#N/A,29.81753555,16.80315956,2.36635514,72.875,70.5588785,2171.25,39.76224299,1225.486875
환경부,제주국제대학교,공용,제주시,동제주,아라동,33.44059,126.572195,#N/A,31.59361472,25.80092532,5.076923077,153.6,160.3983516,4786.4,130.9893132,3969.502
환경부,제주국제컨벤션센터,공용,서귀포시,신서귀,중문동,33.24162957,126.425483,#N/A,28.96619233,18.79443397,20.50743494,645.875,594.0223048,18769.6875,385.425632,12101.50563
환경부,제주국제컨벤션센터2,공용,서귀포시,신서귀,중문동,33.24163,126.425469,#N/A,33.6480153,11.96813965,5.728767123,179.7,192.7616438,6021.4,68.56268493,2101.001
한전,제주국제평화센터,공용,서귀포시,신서귀,중문동,33.244668,126.421889,제주특별자치도 서귀포시 중문관광로 227-24,43.63553826,18.53673044,5.732342007,173.8125,250.133829,7575,106.2588786,3194.809167
한전,제주권역재활센터,공용,서귀포시,한라,중앙동,33.25276012,126.5622877,제주특별자치도 서귀포시 서귀동 284-1,52.61592742,22.5212332,1.843866171,56.75,97.01672862,2987.4375,41.52614002,1277.042083
환경부,제주노루생태공원,공용,제주시,동제주,봉개동,33.444446,126.62665,#N/A,30.96831956,13.11534435,2.011080332,62.6,62.27977839,1957.2,26.37601108,825.804
환경부,제주농업기술센터,공용,제주시,한림,애월읍,33.457922,126.4039,#N/A,28.99781182,21.96294675,3.756164384,113.5,108.9205479,3247.3,82.49643836,2511.44
한전,제주대학교,공용,제주시,동제주,아라동,33.45700693,126.56405,제주특별자치도 제주시 제주대학로 102,39.16190865,11.99770392,4.557620818,135.5625,178.4851301,5361.8125,54.68098513,1617.454375
제주특별자치도,제주도 상하수도본부,공용,제주시,조천,조천읍,33.499618,126.65029,#N/A,27.50618132,12.65659341,2.706319703,82.375,74.44052045,2271.9375,34.2527881,1056.933125
한전,제주도교육청,공용,제주시,신제주,연동,33.49055763,126.4979399,제주특별자치도 제주시 연동 311-46,51.65473441,20.17442552,6.43866171,196,332.5873606,10138.1875,129.8963011,3945.8325
제주특별자치도,제주도농아복지관,공용,제주시,신제주,외도동,33.484888,126.425712,#N/A,30.49927149,13.08841671,3.827137546,113.3125,116.7249071,3421.3125,50.091171,1467.63625
한전,제주도련LH 아파트,아파트용,제주시,동제주,삼양동,33.508718,126.589294,제주특별자치도 제주시 도련1동 1618,65.93544458,22.70275274,1.526022305,46.375,100.6189591,3064.75,34.64490706,1051.577292
환경부,제주도립미술관,공용,제주시,신제주,연동,33.453067,126.488257,#N/A,30.37669764,22.37468906,3.832876712,115.1,116.430137,3481.7,85.75942466,2626.703
환경부,제주동부하수처리장,공용,제주시,조천,구좌읍,33.5623803,126.7781928,#N/A,27.9,23.54028571,0.56,20.33333333,15.624,547.6666667,13.18256,469.1766667
제주특별자치도,제주벤처마루,공용,제주시,산지,이도2동,33.500631,126.530415,#N/A,28.69739051,14.02721654,12.1802974,374.8125,349.5427509,10668.75,170.8556691,5292.1375
한전,제주부영1차 아파트,아파트용,제주시,신제주,노형동,33.48041256,126.4855438,제주특별자치도 제주시 노형동 원노형로 93,61.88435374,28.88656841,1.639405204,50.0625,101.4535316,3116.875,47.35679058,1465.467708
한전,제주산학융합원,공용,제주시,동제주,아라동,33.44732361,126.5674904,제주특별자치도 제주시 첨단로8길 36 (아라일동),41.28503937,19.38646457,2.369402985,73.125,97.82089552,3009.125,45.93434701,1410.393125
한전,제주삼화1단지LH 아파트,아파트용,제주시,동제주,화북동,33.51653431,126.5761142,제주특별자치도 제주시 화북일동 화삼북로2길 12,48.84324324,19.11267267,3.094795539,95.3125,151.1598513,4621.8125,59.14981413,1815.856875
한전,제주삼화3단지LH 아파트,아파트용,제주시,동제주,삼양동,33.51391355,126.5849528,제주특별자치도 제주시 도련이동 화삼로 110,53.90316206,24.5244664,0.940520446,29,50.69702602,1610.9375,23.06576208,734.775625
한전,제주서귀포동홍6단지LH 아파트,아파트용,서귀포시,한라,동홍동,33.26245037,126.5597317,제주특별자치도 서귀포시 동홍동 중앙로 198-9,57.72962382,21.82814263,2.371747212,69.5,136.9200743,4024.9375,51.77083643,1486.0875
제주특별자치도,제주세계자연유산센터,공용,제주시,조천,조천읍,33.454997,126.711535,#N/A,26.06826882,13.46219056,8.739776952,271.6875,227.830855,7059,117.6565428,3677.19125
한전,제주수산연구소,공용,제주시,신제주,외도동,33.493773,126.429014,제주특별자치도 제주시 연대마을길 6,55.25557012,20.44558322,1.426168224,44.5,78.80373832,2480.1875,29.15884112,909.7575
제주특별자치도,제주순복음사회복지관,공용,제주시,산지,건입동,33.5083233,126.5459115,#N/A,29.4379562,13.86,0.919463087,25.75,27.06711409,729,12.74375839,352.6925
제주특별자치도,제주시 보건소,공용,제주시,산지,이도2동,33.491978,126.519968,#N/A,31.59037711,10.27951886,1.440074906,44.75,45.49250936,1433.125,14.80327715,451.365625
환경부,제주시 상하수도본부,공용,제주시,조천,조천읍,33.4997499,126.6496365,#N/A,26.11363636,11.92256061,1.808219178,54.9,47.21917808,1383.6,21.55860274,615.687
제주특별자치도,제주시 평생학습센터,공용,제주시,산지,건입동,33.514327,126.547598,#N/A,28.91224242,12.36791515,7.667286245,235.3125,221.6784387,6745.5625,94.82834572,2871.8725
한전,제주시민속오일시장 3주차장,공용,제주시,신제주,도두동,33.49650689,126.4769323,제주특별자치도 제주시 도두일동 1212,39.83066362,23.13627307,6.207386364,193.1,247.2443182,7837.7,143.615786,4501.116
제주특별자치도,제주시청,공용,제주시,산지,이도2동,33.500107,126.531568,#N/A,28.54978529,13.22773568,46.31412639,1412.6875,1322.258364,40121.1875,612.6310223,18771.37063
한전,제주아라LH 아파트,아파트용,제주시,동제주,아라동,33.47300047,126.5472189,제주특별자치도 제주시 아라일동 인다12길 2,41.66666667,20.42441919,0.246268657,7.4375,10.26119403,304.25,5.029894279,145.3470833
한전,제주아라스위첸 아파트,아파트용,제주시,동제주,아라동,33.47410317,126.5420793,제주특별자치도 제주시 아라일동 아란9길 22,64.32262211,25.50511568,1.446096654,42.625,93.01672862,2764.5,36.88286245,1094.55
한전,제주아트센터,공용,제주시,신제주,오라동,33.47712149,126.5154599,"제주특별자치도 제주시 오남로 231 (오라이동, 제주아트센터)",36.48787062,24.10386044,3.3125,93.2,120.8660714,3419.9,79.8440377,2207.162
제주특별자치도,제주애덕의집,공용,제주시,동제주,화북동,33.490723,126.558174,#N/A,27.82167353,16.94455418,1.355018587,42.75,37.69888476,1184.0625,22.96018587,721.675
제주특별자치도,제주양로원,공용,제주시,신제주,외도동,33.4737596,126.4485375,#N/A,33.25503356,23.03718121,0.283269962,8.5625,9.420152091,286,6.525741445,199.213125
제주특별자치도,제주연구원,공용,제주시,신제주,오라동,33.4676183,126.514693,#N/A,29.32236612,15.30060903,5.310408922,160.1875,155.7137546,4702.125,81.25249071,2468.541875
제주특별자치도,제주영상미디어센터,공용,제주시,산지,일도2동,33.506054,126.534899,#N/A,31.615841,13.11844112,12.53159851,355.5,396.197026,11223.1875,164.3950372,4648.460625
환경부,제주영어교육도시사무소,공용,서귀포시,안덕,대정읍,33.287371,126.281962,#N/A,31.39473684,17.39387336,6.663013699,205.4,209.1835616,6417.8,115.8956164,3590.82
한전,제주외도아름마을LH 아파트,아파트용,제주시,신제주,외도동,33.48422686,126.4284657,제주특별자치도 제주시 외도일동 우정로18길 25,52.86903553,23.64050423,1.830855019,56.5625,96.79553903,3036.8125,43.28233581,1365.412292
제주특별자치도,제주월드컵경기장,공용,서귀포시,신서귀,대륜동,33.246861,126.507135,#N/A,27.87384259,13.06302083,4.817843866,147.9375,134.2918216,4082.75,62.9355948,1939.23875
한전,제주으뜸마을LH 아파트,아파트용,제주시,신제주,노형동,33.47860928,126.4811949,제주특별자치도 제주시 노형동 진군1길 3,38.65724816,17.6279484,1.513011152,45.4375,58.48884758,1752.3125,26.67128253,817.66375
한전,제주의료원,공용,제주시,동제주,아라동,33.445522,126.560081,제주특별자치도 제주시 아라1동 4-17,38.34354305,18.64469923,2.249534451,69.75,86.25512104,2685.375,41.94189323,1314.606042
한전,제주이도한일베라체 아파트,아파트용,제주시,산지,이도2동,33.49319595,126.5481339,제주특별자치도 제주시 이도이동 신설로 55,58.95302013,22.81889709,2.769516729,82.5,163.2713755,4919.0625,63.19731722,1876.146042
제주특별자치도,제주자연생태공원,공용,서귀포시,성산,성산읍,33.4405578,126.822102,#N/A,24.84161491,13.72198758,0.613333333,19.25,15.23619048,476.75,8.416152381,263.3675
제주특별자치도,제주장애인스포츠센터,공용,제주시,신제주,외도동,33.48652631,126.4368259,#N/A,30.6170314,14.28132255,3.91433892,113.8125,119.8454376,3494.875,55.90193669,1617.941875
한전,제주전력지사,업무용,제주시,산지,이도2동,33.498596,126.536653,제주특별자치도 제주시 가령로 68,54.80772325,19.05923304,2.310408922,69.125,126.6282528,3803.1875,44.03462206,1309.824792
한전,제주전력지사(공용),공용,제주시,산지,이도2동,33.49830903,126.536698,제주특별자치도 제주시 가령로 68 (이도이동),50.28369196,20.43547565,3.282527881,99.0625,165.0576208,4988.25,67.08001859,2010.3475
제주특별자치도,제주전파관리소,공용,제주시,한림,애월읍,33.4047788,126.372698,#N/A,25.50704225,14.28253521,0.412790698,12.75,10.52906977,325.75,5.895697674,181.2725
제주특별자치도,제주절물자연휴양림,공용,제주시,동제주,봉개동,33.440097,126.629759,#N/A,26.05082695,13.99694635,4.794970986,146.25,124.9129594,3845.75,67.11495164,2068.529375
한전,제주정든마을1단지LH 아파트,아파트용,제주시,신제주,노형동,33.48873627,126.4744203,제주특별자치도 제주시 노형동 정존11길 54,54.75280236,18.90938446,3.150557621,97.5,172.5018587,5310.1875,59.57510533,1845.900833
한전,제주정든마을3단지LH 아파트,아파트용,제주시,신제주,노형동,33.49043007,126.4724431,제주특별자치도 제주시 노형동 정존11길 68,43.47215686,20.59675294,2.369888476,73,103.0241636,3145.1875,48.81200743,1488.0775
환경부,제주종합경기장2,공용,제주시,신제주,오라동,33.4955068,126.5164952,#N/A,25.65386667,14.24512,7.44047619,243.8571429,190.8769841,6214.714286,105.9904762,3499.548571
한전,제주직할,업무용,제주시,신제주,연동,33.48929,126.501216,제주특별자치도 제주시 문연로 36,37.59285986,17.23058995,4.894052045,146.6875,183.9814126,5506,84.32740397,2543.265833
제주특별자치도,제주청소년수련원,공용,제주시,한림,한림읍,33.37754588,126.2361366,#N/A,28.02597403,15.58231169,0.831533477,25.71428571,23.30453564,716,12.95721382,405.6507143
환경부,제주추사관,공용,서귀포시,안덕,대정읍,33.249949,126.278264,#N/A,27.23340961,15.16864226,4.873605948,147.0625,132.7249071,3961.75,73.92598513,2236.4775
제주특별자치도,제주춘강의원,공용,제주시,신제주,오라동,33.493687,126.50171,#N/A,31.94886364,14.04984091,1.647940075,50.5,52.64981273,1620.875,23.15329588,714.015
한전,제주탐라교육원,공용,제주시,신제주,오라동,33.42558688,126.5287648,제주특별자치도 제주시 산록북로 429,45.13356562,22.29572203,1.600371747,48.6875,72.23048327,2190.875,35.68144362,1088.094792
환경부,제주특별자치도 농업기술원,공용,서귀포시,신서귀,대천동,33.2609,126.4893,#N/A,29.89768977,23.93933993,1.858895706,53.5,55.57668712,1626.5,44.5007362,1344.515
한전,제주특별자치도 복지이음마루,공용,제주시,신제주,오라동,33.49271912,126.5029526,제주특별자치도 제주시 연미2길 5 (오라삼동),31.70909091,17.66236364,0.148247978,4.363636364,4.700808625,137.5454545,2.618409704,77.20272727
환경부,제주특별자치도교육청,공용,제주시,신제주,연동,33.490464,126.497529,#N/A,29.85097087,17.63351214,7.657992565,241.125,228.598513,7163.6875,135.0373048,4272.295
환경부,제주특별자치도의회,공용,제주시,신제주,연동,33.489975,126.499794,#N/A,28.26261201,15.43774145,22.40148699,680.375,633.1245353,19227.75,345.8283643,10565.94812
제주특별자치도,제주특별자치도청,공용,제주시,신제주,연동,33.489498,126.498488,#N/A,27.32674699,13.38360861,53.99628253,1659.0625,1475.542751,45129.1875,722.6651115,22179.28125
한전,제주하귀휴먼시아1단지,아파트용,제주시,한림,애월읍,33.48297512,126.416113,제주특별자치도 제주시 애월읍 하귀1리 167,51.76740377,21.25342069,2.269516729,70.625,117.4869888,3624.5625,48.2349938,1514.844167
한전,제주하귀휴먼시아2단지,아파트용,제주시,한림,애월읍,33.48120416,126.4152002,제주특별자치도 제주시 애월읍 하귀9길 71,56.75227687,22.24003643,1.022346369,30.625,58.02048417,1754.6875,22.73702048,690.805625
제주특별자치도,제주하수처리장,공용,제주시,신제주,도두동,33.507502,126.477086,#N/A,29.3812601,13.85033926,1.366445916,41.57142857,40.14790287,1218.214286,18.92573951,574.4271429
제주특별자치도,제주학생문화원,공용,제주시,산지,이도2동,33.500975,126.541059,#N/A,29.92946058,13.95908121,6.271375465,197,187.6988848,5894,87.54263941,2752.125
제주특별자치도,제주한란전시관,공용,서귀포시,한라,영천동,33.29694463,126.5898925,#N/A,29.464,12.60928,0.919117647,27.33333333,27.08088235,841.6666667,11.58941176,343.8566667
한전,제주한림LH 아파트,아파트용,제주시,한림,한림읍,33.41893274,126.2659161,제주특별자치도 제주시 한림읍 대림4길 20,75.81180223,26.79360447,1.167597765,36,88.51769088,2726.3125,31.2841527,952.285
제주특별자치도,제주항 여객터미널,공용,제주시,산지,건입동,33.519427,126.534479,#N/A,27.8036933,11.43144119,9.260223048,283.125,257.4684015,7832.1875,105.8576952,3256.68
환경부,제주항일기념관,공용,제주시,조천,조천읍,33.541106,126.643424,#N/A,30.66924157,21.10738764,3.901369863,118.5,119.6520548,3618.9,82.34772603,2572.342
한전,제주해녀박물관,공용,제주시,조천,구좌읍,33.52321701,126.8627389,"제주특별자치도 제주시 구좌읍 해녀박물관길 26 (상도리, 해녀박물관)",26.46153846,25.30461538,4.333333333,NaN,114.6666667,NaN,109.6533333,NaN
한전,제주해양경찰서,공용,제주시,산지,건입동,33.519952,126.540272,"제주특별자치도 제주시 임항로 154 (건입동, 제주해양경찰서)",55.44622093,23.56662791,1.281191806,39.0625,71.03724395,2192.375,30.19337058,922.69125
환경부,제주현대미술관,공용,제주시,한림,한경면,33.338358,126.265658,#N/A,30.4151957,19.54676132,3.569863014,109.7,108.5780822,3291.6,69.77926027,2164.08
제주특별자치도,제주화물자동차공영차고지,공용,제주시,동제주,아라동,33.49781,126.5800046,#N/A,35.2527881,13.31286245,2.892473118,88.5,101.9677419,3074.5,38.50709677,1152.44
한전,제주화북3LH 아파트,아파트용,제주시,동제주,화북동,33.51961012,126.5770464,제주특별자치도 제주시 화북일동 동화로1길 35,57.7388749,22.31071369,2.264258555,69.875,130.7357414,4067.75,50.51722433,1576.395625
제주특별자치도,조수1리다목적회관,공용,제주시,한림,한경면,33.33739036,126.2287106,#N/A,29.4539801,16.67023632,1.732758621,53.64285714,51.03663793,1585.071429,28.88549569,895.6942857
한전,조천119센터,공용,제주시,조천,조천읍,33.541344,126.64686,제주특별자치도 제주시 조천읍 신북로 337,45.2130621,18.23037473,1.739292365,52.5,78.63873371,2373.375,31.70795158,955.1625
제주특별자치도,조천도서관,공용,제주시,조천,조천읍,33.537823,126.667909,#N/A,27.78055783,16.96206317,9.063197026,285.5625,251.7806691,7919.5,153.7305204,4913.6525
환경부,조천읍사무소,공용,제주시,조천,조천읍,33.534508,126.634244,#N/A,27.37338045,15.12101885,9.468401487,281.0625,259.1821561,7730.5625,143.1718773,4285.285
제주특별자치도,조천체육관,공용,제주시,조천,조천읍,33.539725,126.643948,#N/A,28.96411124,12.38407929,9.892193309,303.75,286.5185874,8768.8125,122.5057063,3775.215625
제주특별자치도,종남공영주차장,공용,제주시,신제주,노형동,33.48412232,126.4713365,#N/A,31.64636658,17.07310091,6.353271028,196.75,201.0579439,6220.5625,108.4700374,3365.678125
한전,종달리 종합복지회관,공용,제주시,조천,구좌읍,33.49275295,126.9004321,제주특별자치도 제주시 구좌읍 종달리 1113-55,40.03546099,22.58052482,1.643356643,51.23076923,65.79254079,2064.461538,37.10785548,1159.701538
한전,종합경기장,공용,제주시,신제주,오라동,33.49806927,126.5146922,제주특별자치도 제주시 서광로2길 24 (오라일동),44.33966399,18.63405421,50.89219331,1531.25,2256.542751,67682.5625,948.3278891,28274.0434
환경부,중문 관광단지,공용,서귀포시,신서귀,예래동,33.2462149,126.414261,#N/A,33.67605634,14.36034467,23.9260274,765,805.7342466,25714.4,343.586,10962.657
제주특별자치도,중문동주민센터,공용,서귀포시,신서귀,중문동,33.253374,126.433615,#N/A,28.87176424,12.07160892,4.667286245,143.25,134.7527881,4161.4375,56.34165428,1733.36875
제주특별자치도,중문보건지소,공용,서귀포시,신서귀,중문동,33.25141866,126.4347654,#N/A,27.70358187,14.9993348,5.085501859,156.4375,140.8866171,4359,76.27914498,2360.93125
환경부,중앙공영주차장,공용,서귀포시,한라,중앙동,33.249934,126.562129,#N/A,31.8796319,17.06394724,15.14869888,472.375,482.9349442,15051.3125,258.4965985,8084.02375
환경부,중앙공영주차장(우리은행 서귀포점 인근 공영주차장),공용,서귀포시,한라,중앙동,33.249649,126.5623255,#N/A,33.57183758,14.86063769,10.5260274,323,353.3780822,10875.4,156.4234795,4838.845
제주특별자치도,중앙병원,공용,제주시,신제주,이호동,33.49122705,126.4697976,#N/A,29.41281139,14.32092527,7.834572491,243.75,230.436803,7138.0625,112.1983271,3498.88
제주특별자치도,중엄리사무소,공용,제주시,한림,애월읍,33.4727098,126.372614,#N/A,29.94186902,14.25386313,2.526022305,76.875,75.633829,2289.8125,36.00557621,1086.840625
제주특별자치도,지미봉주차장,공용,제주시,조천,구좌읍,33.49741378,126.9055263,#N/A,31.87368421,15.64789474,1.557377049,55,49.63934426,1816,24.36967213,889.02
한전,천지공영주차장,공용,서귀포시,한라,천지동,33.25152782,126.5592891,제주특별자치도 서귀포시 서문로 16 (서귀동),43.07954545,21.88283333,1.125319693,33.33333333,48.47826087,1429.5,24.62518329,725.0916667
환경부,천지연폭포주차장,공용,서귀포시,한라,천지동,33.2447051,126.5597817,#N/A,32.98170058,14.93576905,17.36712329,533.9,572.7972603,17588.6,259.3913425,7944.074
한전,청소년 문화의 집,공용,서귀포시,안덕,안덕면,33.249783,126.337094,제주특별자치도 서귀포시 화순로 56번길 20,51.81961669,18.24981962,1.648698885,50.5625,85.43494424,2649.25,30.08845725,919.399375
제주특별자치도,축산진흥원,공용,제주시,신제주,노형동,33.446368,126.486113,#N/A,29.76671214,13.02474079,2.724907063,83.1875,81.11152416,2479.875,35.49120818,1085.05
제주특별자치도,춘강장애인근로센터,공용,제주시,동제주,아라동,33.45197135,126.5528966,#N/A,24.65868263,14.35101796,0.377828054,11.69230769,9.316742081,288,5.422217195,164.2269231
제주특별자치도,출입국관리사무소,공용,제주시,산지,용담2동,33.51374377,126.5033154,#N/A,29.66233766,13.26337662,2.583892617,65,76.6442953,1951.75,34.27114094,831.08
환경부,클럽다인리조트,공용,제주시,한림,애월읍,33.471151,126.351032,#N/A,37.94416873,14.01921836,4.416438356,140.5,167.5780822,5322.8,61.9150137,1956.955
제주특별자치도,탐라도서관,공용,제주시,신제주,노형동,33.479063,126.477324,#N/A,27.79463308,12.98287592,23.75836431,738.3125,660.3550186,20487.0625,308.4518959,9586.410625
제주특별자치도,탐라장애인종합복지관,공용,제주시,산지,이도1동,33.501412,126.5251149,#N/A,34.19807923,16.19616447,3.096654275,95.6875,105.8996283,3274.1875,50.15392193,1556.1
환경부,탐라중학교 공영주차장,공용,제주시,동제주,아라동,33.4914869,126.5442609,#N/A,32.75223279,14.7685134,9.509589041,288.4,311.460274,9312.4,140.4424932,4278.879
제주특별자치도,탑동제1공영주차장,공용,제주시,산지,삼도2동,33.51726927,126.5241738,#N/A,31.53759398,13.60793233,3.827338129,101.3333333,120.705036,3169,52.08215827,1375.93
제주특별자치도,태봉그린피아,아파트용,서귀포시,신서귀,서홍동,33.26071072,126.5558653,#N/A,34.37650602,15.28996988,1.643564356,48,56.5,1625.2,25.1300495,738.038
제주특별자치도,태흥3리 마을회관,공용,서귀포시,한라,남원읍,33.29372482,126.7586708,#N/A,31.04477612,14.69656716,1.376712329,41,42.73972603,1314,20.23294521,609.645
제주특별자치도,토산1리체험장,공용,서귀포시,표선,표선면,33.33424212,126.7710687,#N/A,31.90948905,17.12442336,1.51214128,47.42857143,48.25165563,1507.571429,25.89454746,808.2892857
한전,토이파크,공용,서귀포시,안덕,안덕면,33.3189031,126.3453569,제주특별자치도 서귀포시 안덕면 동광리 383,32.39855072,15.63049517,1.03564728,32,33.55347092,1039,16.1876798,507.5839583
제주특별자치도,토평동마을회관,공용,서귀포시,한라,영천동,33.27109995,126.5902196,#N/A,23.95861298,12.38878076,1.930885529,61.42857143,46.26133909,1468.071429,23.92131749,760.6242857
환경부,퐁낭 작은 도서관 앞 주차장,공용,서귀포시,한라,동홍동,33.2553617,126.5720303,#N/A,32.36377397,14.48817861,5.430136986,158.5,175.739726,5088.4,78.67279452,2301.358
제주특별자치도,표선 공영주차장,공용,서귀포시,표선,표선면,33.3262784,126.8306774,#N/A,28.21827905,14.45815508,7.646840149,231.75,215.7806691,6557.4375,110.5592007,3348.889375
환경부,표선 의례회관 앞 공영주차장,공용,서귀포시,표선,표선면,33.3270822,126.8234354,#N/A,31.41711957,15.5422962,2.016438356,55.9,63.35068493,1737.2,31.34008219,857.479
한전,표선 해양경비단,공용,서귀포시,표선,표선면,33.35713918,126.8228739,제주특별자치도 서귀포시 표선면 하천리 1493-4,54.04744526,28.71576034,1.020484171,31.125,55.15456238,1725.6875,29.3039789,907.325625
한전,표선공영주차장,공용,서귀포시,표선,표선면,33.32635425,126.8317567,제주특별자치도 서귀포시 표선면 표선중앙로 74-1 (표선리),36.17559524,23.20228175,0.954545455,30.3,34.53125,1139.3,22.14763258,712.106
제주특별자치도,표선도서관,공용,서귀포시,표선,표선면,33.32377507,126.838496,#N/A,21.99332963,12.63647026,3.910869565,120.9285714,86.01304348,2642.642857,49.41958696,1514.622143
환경부,표선민속마을 해비치 해변 공영주차장,공용,서귀포시,표선,표선면,33.3248308,126.8424054,#N/A,32.99524914,15.40727654,24.79726027,770.8,818.1917808,25407.9,382.0582466,11879.681
제주특별자치도,하귀1리공영주차장,공용,제주시,한림,애월읍,33.48588154,126.4144072,#N/A,28.41956907,15.35524498,14.57204301,453.7857143,414.1311828,12889,223.7572903,6956.276429
환경부,하귀1지구 공영주차장,공용,제주시,한림,애월읍,33.4855867,126.414308,#N/A,32.24662669,12.2212069,3.654794521,100.5,117.8547945,3182.2,44.666,1198.738
제주특별자치도,하귀문화의집,공용,제주시,한림,애월읍,33.47963015,126.4033189,#N/A,30.22471098,13.9529552,5.144981413,152.5625,155.5055762,4575.75,71.78769517,2161.468125
제주특별자치도,하귀휴먼시아1단지아파트,아파트용,제주시,한림,애월읍,33.4840067,126.4164477,#N/A,29.56437768,17.14630901,0.866171004,26.125,25.60780669,778.5625,14.85163569,450.720625
환경부,하례2리 마을회,공용,서귀포시,한라,남원읍,33.29716,126.6089192,#N/A,30.91428571,21.52042857,0.311111111,8.166666667,9.617777778,258.5,6.695244444,179.8616667
환경부,하효마을다목적회관,공용,서귀포시,한라,효돈동,33.258481,126.617699,#N/A,29.56586826,22.69302395,2.745205479,80.7,81.16438356,2305.8,62.2970137,1863.669
한전,한경119센터,공용,제주시,한림,한경면,33.342896,126.182928,제주특별자치도 제주시 일주서로 4218,38.92164179,20.54245025,1.721627409,50.07142857,67.00856531,1916.285714,35.3664454,1048.667857
한전,한경농협 하나로마트,공용,제주시,한림,한경면,33.34664809,126.1902546,제주특별자치도 제주시 한경면 신한로 76 (신창리),46.25909753,16.10349102,2.553903346,77.5,118.1412639,3559.8125,41.1267596,1245.792708
환경부,한경도서관 앞 주차장,공용,제주시,한림,한경면,33.3500436,126.184563,#N/A,31.28058104,13.43185015,3.583561644,108.5,112.0958904,3410.2,48.13386301,1461.444
환경부,한경면(청수리)청수마을회관,공용,제주시,한림,한경면,33.317755,126.247556,#N/A,29.14642857,25.62396429,0.942760943,27,27.47811448,778,24.15727273,717.57375
제주특별자치도,한경면사무소,공용,제주시,한림,한경면,33.349999,126.183983,#N/A,30.55807365,12.3654926,5.905204461,180.9375,180.4516729,5496.9375,73.02076208,2226.823125
제주특별자치도,한경면종합복지회관,공용,제주시,한림,한경면,33.30047583,126.1837079,#N/A,28.51976285,15.87761528,6.459574468,207.9285714,184.2255319,5946.5,102.5626383,3303.698571
제주특별자치도,한경체육관,공용,제주시,한림,한경면,33.3011526,126.1845393,#N/A,29.63669065,15.07964029,2.583643123,77.125,76.57063197,2303.875,38.96040892,1157.824375
제주특별자치도,한국교통방송 제주본부,공용,제주시,동제주,아라동,33.47842377,126.5499966,#N/A,29.93639005,14.60246045,11.51301115,347,344.6579926,10359.6875,168.11829,5023.084375
환경부,한국교통안전공단제주자동차검사소,공용,제주시,동제주,삼양동,33.514325,126.589355,#N/A,29.26040944,17.93677828,15.79178082,497.2,462.0739726,14529.5,283.2536712,9067.572
환경부,한국산업인력공단 제주지사,공용,제주시,산지,이도2동,33.487857,126.5199165,#N/A,29.72014925,23.53682836,1.786666667,52.66666667,53.1,1575,42.05246667,1356.76
환경부,한국중부발전㈜ 상명풍력발전소,공용,제주시,한림,한림읍,33.339766,126.29196,#N/A,29.91071429,23.12,0.172839506,4.555555556,5.169753086,118.1111111,3.996049383,102.9
환경부,한국중부발전㈜ 제주화력본부 사택,공용,제주시,동제주,삼양동,33.527544,126.592481,#N/A,33.27866473,24.35182874,1.887671233,56,62.81917808,1850.6,45.96824658,1401.76
환경부,한국폴리텍대학 제주캠퍼스,공용,제주시,동제주,아라동,33.4469182,126.561226,#N/A,34.1958042,13.27867133,1.181818182,36.8,40.41322314,1250.3,15.69297521,489.453
제주특별자치도,한길정보통신학교,공용,제주시,한림,애월읍,33.4083898,126.3860311,#N/A,20.62425447,8.920228628,1.869888476,58.5,38.56505576,1199.625,16.67983271,513.365
제주특별자치도,한남보건진료소,공용,서귀포시,한라,남원읍,33.31164452,126.6975587,#N/A,31.1557971,19.07869565,0.655581948,19.53846154,20.42517815,606.0769231,12.50764846,368.3953846
제주특별자치도,한라도서관,공용,제주시,신제주,오라동,33.47621593,126.516175,#N/A,27.86847662,11.82245249,6.161710037,190.8125,171.7174721,5309.625,72.84652416,2242.765
제주특별자치도,한라병원,공용,제주시,신제주,연동,33.4896681,126.4849521,#N/A,29.00431406,11.67044866,2.154275093,65.25,62.48327138,1896.8125,25.14135688,755.309375
한전,한라산국립공원 관음사탐방안내소,공용,제주시,동제주,아라동,33.422222,126.55028,제주특별자치도 제주시 산록북로 588,33.28896673,15.57059837,2.130597015,66.4375,70.92537313,2204.125,33.1746704,1032.178958
한전,한라산국립공원 어리목탐방안내소,공용,제주시,신제주,노형동,33.392437,126.494598,제주특별자치도 제주시 1100로 2070-61,40.08106061,20.00448485,2.481203008,77.25,99.44924812,3108.875,49.63518797,1540.064167
한전,한라산렌트카,공용,제주시,신제주,도두동,33.49575264,126.47076,제주특별자치도 제주시 오일장중길 19 (도두일동),46.37456647,31.95596532,2.064439141,62.23076923,95.73747017,2950,65.97114558,2017.772051
환경부,한라수목원,공용,제주시,신제주,연동,33.4690818,126.4908317,#N/A,34.65963679,17.72032806,4.715469613,145.6,163.4364641,5028.1,83.55966851,2592.471
제주특별자치도,한라수목원(자연생태학습관),공용,제주시,신제주,연동,33.4690818,126.4913491,#N/A,32.47063089,14.43346265,5.223484848,161.75,169.6098485,5239.4375,75.39297348,2334.80125
환경부,한림공원 인근 공영주차장,공용,제주시,한림,한림읍,33.3904865,126.2380097,#N/A,33.48753463,13.3244506,8.901369863,284,298.0849315,9553.1,118.605863,3842.076
제주특별자치도,한림금능농공단지(제주맥주),공용,제주시,한림,한림읍,33.3582846,126.2411858,#N/A,32.70642202,14.32638124,1.823420074,57.1875,59.63754647,1865.125,26.12301115,802.35375
제주특별자치도,한림오일시장 주차장,공용,제주시,한림,한림읍,33.41967868,126.2753247,#N/A,24.84375,11.70484375,0.512,16.33333333,12.72,389,5.99288,174.6966667
제주특별자치도,한림읍사무소,공용,제주시,한림,한림읍,33.410604,126.267094,#N/A,29.01427181,14.43644502,8.66011236,264.4,251.2668539,7724.5,125.021236,3827.339
제주특별자치도,한림읍주민자치센터 옆 공영주차장,공용,제주시,한림,한림읍,33.41283392,126.262567,#N/A,27.98833219,15.17410432,3.153679654,97.28571429,88.26623377,2721.642857,47.85426407,1465.040714
환경부,한림읍체육관 주차장,공용,제주시,한림,한림읍,33.4092691,126.2695843,#N/A,29.13104401,11.60005131,13.88219178,401,404.4027397,11473.5,161.034137,4642.534
환경부,한림종합운동장 주차장,공용,제주시,한림,한림읍,33.402839,126.2697128,#N/A,28.03777778,20.68491111,9.42408377,277.4,264.2303665,7686.8,194.9363351,5547.068
한전,한림체육관,공용,제주시,한림,한림읍,33.409203,126.268436,제주특별자치도 제주시 한림읍 한림리 887-2,41.69092484,21.98176016,8.581784387,256.3125,357.7825279,10681.4375,188.6427261,5642.94375
환경부,한림항 주차장,공용,제주시,한림,한림읍,33.4104,126.2584,#N/A,5,2.19,1,NaN,5,NaN,2.19,NaN
환경부,한반도제주호텔,공용,제주시,신제주,연동,33.493426,126.490957,#N/A,34.96747967,16.1932701,3.032876712,94.6,106.0520548,3289,49.11219178,1569.237
한전,한수풀도서관,공용,제주시,한림,한림읍,33.42029842,126.2685489,"제주특별자치도 제주시 한림읍 한림상로 240-11 (대림리, 한수풀도서관)",42.47404063,23.87886381,1.057279236,30.92307692,44.90692124,1307,25.24662689,733.1717949
제주특별자치도,한원리노인복지관,공용,제주시,한림,한경면,33.33851703,126.1959637,#N/A,25.95104895,14.20881119,1.067164179,31.3125,27.69402985,803.9375,15.16313433,442.261875
제주특별자치도,한화꿈에그린아파트,아파트용,제주시,신제주,노형동,33.4799138,126.4838837,#N/A,34.18639798,19.30437448,2.217877095,66.25,75.82122905,2266.125,42.81472998,1281.87125
제주특별자치도,함덕광명샤인빌,아파트용,제주시,조천,조천읍,33.538023,126.677073,#N/A,31.9546798,17.85672414,3.773234201,114.8125,120.5724907,3681.0625,67.37760223,2057.82
환경부,항일기념관,공용,제주시,조천,조천읍,33.5412329,126.6433159,#N/A,29.36732456,21.97324561,5.302325581,172,155.7151163,4966,116.5093023,3861.6725
제주특별자치도,해변공연장,공용,제주시,산지,삼도2동,33.518375,126.523779,#N/A,31.67444877,12.6269412,8.598513011,266.25,272.3531599,8434,108.5729182,3381.43625
한전,해오름 아파트,아파트용,제주시,신제주,노형동,33.4808592,126.4862813,제주특별자치도 제주시 노형동 연화로 16,50.82988506,19.09825287,0.810055866,24.1875,41.17504655,1231.1875,15.47065177,458.175625
한전,행복날개 주유소,공용,제주시,산지,용담2동,33.505297,126.497593,제주특별자치도 제주시 용문로 12,43.23881279,20.26621157,4.07063197,127.8125,176.0092937,5565.3125,82.49628872,2613.390833
한전,현대3노형부영5차 아파트,아파트용,제주시,신제주,노형동,33.47822332,126.4837664,제주특별자치도 제주시 노형동 754,52.92521246,20.33324079,3.280669145,99.0625,173.6301115,5254.8125,66.70663569,2009.594375
한전,현대3차 아파트,아파트용,제주시,산지,용담2동,33.51070858,126.5102008,제주특별자치도 제주시 용담이동 성화로6길 46,53.64714389,19.06096409,2.57063197,78.375,137.9070632,4196.5625,48.99872367,1484.7775
한전,현일 아파트,아파트용,제주시,산지,삼도1동,33.50857944,126.519051,제주특별자치도 제주시 삼도일동 충효길 45,60.27906977,23.92674419,0.095132743,2.857142857,5.734513274,180.4285714,2.276216814,72.33785714
제주특별자치도,협재리사무소,공용,제주시,한림,한림읍,33.39737436,126.246075,#N/A,30.38585209,14.97967846,2.253623188,69,68.47826087,2051.666667,33.75855072,1064.426667
환경부,협재해수욕장,공용,제주시,한림,한림읍,33.390701,126.237628,#N/A,30.20503408,17.56540378,10.44931507,326.6,315.6219178,9790.5,183.5464384,5755.867
한전,혜성대유 아파트,아파트용,제주시,산지,일도2동,33.50585433,126.5451796,제주특별자치도 제주시 일도이동 연수로 40,53.67900552,21.99328729,3.364312268,103.3125,180.5929368,5572.9375,73.99228625,2269.56125
제주특별자치도,혼인지,공용,서귀포시,성산,성산읍,33.414971,126.894093,#N/A,29.78640154,11.17234766,2.897769517,82.1875,86.31412639,2440.25,32.37488848,939.305
환경부,홍로공영주차장,공용,서귀포시,한라,동홍동,33.255903,126.560992,#N/A,28.84263178,18.36434013,7.120547945,213.5,205.3753425,6198.9,130.7641644,3943.482
한전,화북1 아파트,아파트용,제주시,동제주,화북동,33.5207151,126.5753575,제주특별자치도 제주시 화북일동 동화로1길 11,57.58604407,23.30583945,3.542750929,106.1875,204.0130112,6110.6875,82.56678439,2458.98
한전,화북2동 공영주차장,공용,제주시,동제주,화북동,33.50904437,126.56073,제주특별자치도 제주시 화북2동 3378-6,47.95262097,24.07016129,1.843866171,53.875,88.41821561,2564.8125,44.38215613,1293.956875
한전,화북4 아파트,아파트용,제주시,동제주,화북동,33.51800187,126.5739457,제주특별자치도 제주시 화북일동 동화로1길 10,55.00334928,23.48600159,3.884758364,118.9375,213.6747212,6588.75,91.23744114,2819.666458
제주특별자치도,화북공업단지남측공영주차장,공용,제주시,동제주,화북동,33.51189202,126.5609239,#N/A,34.22978723,16.89285106,1.727941176,48.66666667,59.14705882,1627.666667,29.18985294,830.4766667
제주특별자치도,화북동공영주차장,공용,제주시,동제주,화북동,33.5199554,126.5735082,#N/A,29.34867287,13.52994657,10.78438662,321.75,316.5074349,9296.0625,145.9121747,4291.746875
환경부,화북동주민센터,공용,제주시,동제주,화북동,33.5198336,126.5657078,#N/A,32.04203822,13.90668153,8.602739726,260.6,275.6493151,8267.8,119.6355616,3575.962
한전,화북주공2 아파트,아파트용,제주시,동제주,화북동,33.52096091,126.5775048,제주특별자치도 제주시 동화로1길 39,57.72968624,27.71263073,2.310408922,69.8125,133.3791822,4030.6875,64.02750929,1937.2325
환경부,환경시설관리사무소,공용,제주시,동제주,봉개동,33.4616109,126.6295205,#N/A,35.68965517,22.37758621,0.805555556,NaN,28.75,NaN,18.02638889,NaN
환경부,회수사거리 인근 공영주차장,공용,서귀포시,신서귀,중문동,33.2632286,126.4426783,#N/A,26.85846154,11.40425641,2.671232877,79.3,71.74520548,2099.5,30.46342466,895.48
제주특별자치도,효돈동 공영주차장,공용,서귀포시,신서귀,대륜동,33.262647,126.5419257,#N/A,32.93150685,17.05616438,0.349282297,10.66666667,11.50239234,358.8333333,5.957416268,184.725
환경부,효돈동주민센터,공용,서귀포시,한라,효돈동,33.26323,126.61563,#N/A,31.29700272,17.62686649,4.032967033,133.1,126.2197802,4198.3,71.08857143,2388.194
제주특별자치도,효돈축구공원,공용,서귀포시,한라,효돈동,33.25937413,126.6105779,#N/A,28.45193065,12.69885343,4.717472119,143.25,134.2211896,4025.625,59.90648699,1819.42375
