,예측 값,실제값
0,187.144722158,129.22890287054216
1,107.59646694800001,97.67966242639329
2,73.231816149,0.802
3,75.39278560999999,0.802
4,80.419554956,0.802
5,117.312389368,122.6903368842819
6,438.8312220699999,352.52074041342587
7,754.1346771890001,672.2925382563132
8,1004.963864377,1224.8596846234734
9,1178.358894221,1765.286930134219
10,1575.3551984080002,1786.3638037684798
11,1723.3553717010002,1852.5420757921372
12,1678.7448304499999,2055.8799734072954
13,2188.642956103,2111.6643705874094
14,2029.1300777379988,2027.986635187963
15,2177.160180756,2223.287411301147
16,1714.7321787520007,2241.01480053202
17,1677.8145374620005,2320.165928449497
18,1547.4492877559996,2022.6091804889647
19,1746.0000809880003,1748.3708429845176
20,1188.9422383150002,1475.8187009559824
21,929.717694307,1172.7010179831093
22,647.47047626,798.2747368959555
23,586.0232628479997,528.362147213685
24,326.27711367300003,199.2863304940707
25,124.453741057,106.76517163492444
26,56.98163794800001,0.802
27,59.996360147999994,0.802
28,155.53407315799998,0.802
29,242.71335580099995,75.56952254152368
30,429.39655044000006,397.58780747090026
31,737.5389721120004,548.6061797734687
32,1369.6631198320001,1257.5849370076603
33,1667.3282954450005,1693.481966489029
34,1985.1335359970003,1769.6451004092812
35,1834.3157502630002,1714.3680661825845
36,1862.9839493739998,1937.3564774308877
37,1939.1900231730012,1865.2996557158297
38,1992.750880192001,2096.1531044455187
39,2137.144515805001,2161.770678865669
40,2497.5129677080004,2150.20868401482
41,2668.346424926,2207.582408182435
42,2406.853806416,2072.0725099300325
43,1649.238687046001,1532.5465972132167
44,905.2266243820001,1526.6771645560195
45,620.666611142,1029.155365783863
46,351.390678202,699.4926969688711
47,330.9183446350001,464.7933413234214
48,225.964411323,207.77608425350996
49,39.836341463,96.47777377912018
50,51.51463414999999,0.802
51,11.479578713999999,0.802
52,144.543476541,5.725835949941668
53,57.629898012,115.19379140642036
54,171.58603008299994,470.4077534395114
55,483.432563784,680.7669355112661
56,1273.444623311,1281.9674193182054
57,1575.5928975880004,1613.0185554609056
58,1544.4519047839995,1926.2952356836581
59,1469.5575648120005,1944.292944978661
60,1697.5880766880002,2187.7847684098333
61,1216.8132644589998,2125.0148996231032
62,1312.3802617919998,2386.593779284471
63,1556.5684008160001,2218.541767072442
64,2101.311716485999,2264.8920851847715
65,2740.696568696999,2300.5720543913403
66,2169.568254591,2108.094367919228
67,2120.3296226230004,1652.835037048468
68,1543.923982318,1514.1778246261372
69,1170.962318681,1092.4957329858687
70,970.611310296,830.7702400182177
71,628.2769892030001,555.3151773178681
72,415.98921535100004,141.0365163209763
73,155.17655277400002,91.38061802309451
74,71.552153986,0.802
75,118.645777003,0.802
76,182.870023442,0.802
77,198.48446113,119.28476847517743
78,595.1856657640001,352.6785790680716
79,1277.7560385159998,650.6184419002682
80,1598.572152682,1223.940801538702
81,2081.1344302350003,1765.3848242889776
82,1890.04474562,1843.6002026084068
83,1698.4667628680004,1884.561897654839
84,2246.4425156179996,2031.3328146664521
85,2012.9842257010002,2118.489838243757
86,1950.983400901,2064.0196615440573
87,2303.58824102,2246.4891237194292
88,2445.9406503270015,2240.2013331552253
89,2697.7726761790022,2332.5607643748235
90,2269.826012157999,2019.3610091281619
91,1775.7908548619998,1718.2291301677085
92,1716.2986095679998,1462.123661990329
93,1263.9323116010007,1143.573119369714
94,850.6885397150002,771.2259779326371
95,537.221206626,542.6580557148037
96,336.50930292699996,414.7398263713455
97,179.595998559,103.31058492161098
98,144.892597405,0.802
99,61.376055261,0.802
100,186.173947272,29.738131058415323
101,325.66425539100004,101.69773883493833
102,623.1099950380001,310.52052969903514
103,780.2938759689996,605.1336152411567
104,1573.659935604,1067.4225213714915
105,1919.0920176199998,1598.7350119374253
106,1610.8952834119998,1674.6690803733181
107,2023.260297868001,1778.4344911959604
108,2144.2178027950013,1791.840064325657
109,2005.1614930470002,1858.7688961901063
110,2135.4616706100005,1924.6769621125613
111,2317.985279972,1869.126074970981
112,2254.5509767290005,1947.7542270139675
113,2460.0182639449995,1981.8127316874686
114,2357.8722827170022,1886.3182942941166
115,1974.3954901230002,1455.5258922632106
116,1424.2778353819997,1275.0602402428106
117,1350.286585673,914.2040377712602
118,1048.3560602870002,659.2444098488521
119,457.35325171500006,526.5441536120708
120,185.45754175900004,260.4789808543511
121,148.38121634399997,99.46374493438081
122,146.491524654,6.277450351989211
123,24.619906188,0.802
124,89.874530966,0.802
125,156.034618717,179.9635457498049
126,369.28821802999994,345.1662568474285
127,657.33853427,644.7455903552448
128,1083.4292084379995,1342.3082822673048
129,1800.1145460380005,1712.5338328637956
130,2071.076383263001,1811.3961026918696
131,2112.5838513010003,1870.2445071418786
132,2115.221733920001,1990.568959262233
133,2097.0519553730005,2172.3386890624965
134,2355.8733462550003,2238.374279500871
135,2470.931062869999,2360.0604746424256
136,2547.848638425001,2261.432170704595
137,2491.920943780999,2173.3324457906633
138,2400.054158611999,1899.5460852568476
139,1986.1507571550005,1694.2922429038529
140,1429.318874571,1457.4760258793099
141,1129.8245585859997,1048.7681576879916
142,779.788134491,741.5013694306318
143,602.0543119029999,596.7256583729608
144,347.18023595200015,353.06243469876506
145,246.95686917300003,208.69046580264344
146,256.397625403,0.802
147,141.417009119,0.802
148,95.458444787,52.815816198116785
149,144.01052384699997,189.86685292637765
150,633.424985547,445.782245185983
151,764.8379428669999,660.9577854829828
152,996.9805993409998,1017.6021460784345
153,1536.1489194600001,1456.5867731556996
154,1655.899174943001,1852.6689165304915
155,1893.0849824460006,2025.13118007547
156,1714.7115693170003,1883.0040244353393
157,1763.129786732,2133.362911991412
158,2130.9469119959986,2217.5938234411474
159,1851.4257460030005,2030.6102897058356
160,1859.5563305699998,1978.6158436440596
161,2221.037016838999,1915.6695602454943
162,2028.053592792001,1771.7699391933024
163,1658.710892262,1405.392688734051
164,1344.2537692349997,1229.0793899415723
165,907.9154097260001,876.1615600952811
166,790.0964694249999,638.583386937192
167,370.533222761,519.6452938303864
168,331.391442438,381.60342423531876
169,153.123740758,171.8687447611285
170,158.431705736,0.802
171,166.11084438400002,0.802
172,195.61423333800002,0.802
173,289.894521794,92.38657590719099
174,496.9946546370001,435.06306316577087
175,849.4564537499998,520.8823044273913
176,954.6329993700002,966.4159250987866
177,1403.1654818670006,1218.454056392191
178,1669.5711131620003,1544.141413387198
179,1727.694225856,1861.2621771188708
180,1750.3434300200001,1823.8705987035478
181,1877.4769530619997,1967.719620215911
182,2129.5410529539986,2066.2615402546644
183,1849.7840839250007,2084.6018221098584
184,1805.5649333740002,2037.2071477295337
185,1942.6150245429988,1921.4094170540761
186,1453.7702827650003,1852.2429231073393
187,1427.562532107,1477.4250084196874
188,1080.424762448,1262.7631845093151
189,937.125150347,819.9657567467403
190,631.2843263220001,634.8481380240745
191,491.691877361,498.60568607343174
192,314.944942808,206.37405533742412
193,223.586320232,97.3983449397558
194,100.142645735,0.802
195,77.81656287800001,0.802
196,162.500561569,0.802
197,418.02876677799986,78.87311549852693
198,772.7420834420001,405.9971318942267
199,882.635837609,552.6658811412985
200,1399.8414419149995,1257.7365077012912
201,1705.1945228289999,1692.8470790196923
202,1890.2089923930002,1800.3813578190773
203,1917.7471293809992,1742.1656755427816
204,2386.778775051,1951.2704391803493
205,2076.7454118659994,1896.4159794889783
206,1655.2012183919996,2130.2462538489926
207,1886.0743652269991,2188.3477452718907
208,2087.642608611999,2163.576763341355
209,2423.796246147999,2217.5967864772633
210,2234.5289974240004,2079.98381636
211,1562.6856303650002,1534.9661441278615
212,1758.3587979400002,1522.616209595987
213,1098.6769616529998,1017.5486974654174
214,834.880248991,690.4230713433661
215,529.9685230229999,477.8556011338976
216,213.667700603,200.19282011047193
217,110.911845348,103.10090025761662
218,62.96395787200001,0.802
219,65.101773839,0.802
220,152.87047912499997,6.634045694280454
221,270.26131721599995,109.70084240304122
222,677.1468681959999,464.8534567676998
223,1025.751231165,672.0402813161988
224,1436.4060120039999,1272.4506031650255
225,1842.1940077989993,1604.1023239358724
226,1824.567272485,1911.9698677657698
227,1563.0414968849998,1930.7773976238861
228,1644.0494411990003,2176.2446544410723
229,2225.2950907940008,2109.2406070444454
230,1996.601795902,2373.485535432732
231,1828.5266177100007,2201.404022028671
232,2091.095897117,2248.6136206146675
233,2380.6357171130003,2285.546954098344
234,2429.028032060999,2098.6340773781085
235,1830.9035772590003,1648.0259154691219
236,1547.4347159139998,1512.5933980445204
237,1475.874353228,1087.9979581245673
238,1038.1568776370002,829.2251306466028
239,540.4524000939998,544.9004472585846
240,257.81942082300003,131.81309772475333
241,109.004156473,88.88042809184773
242,193.835202694,0.802
243,101.799520438,0.802
244,151.82712598999998,0.802
245,361.464627311,114.28864797710075
246,746.0308458289998,341.815433379642
247,1080.6864950309998,633.4781896720917
248,1757.1648835819994,1192.6497725976317
249,1915.8241533609994,1726.8177182760587
250,1578.5081857710006,1801.8874918694726
251,1463.3706755569997,1838.7929044359014
252,2201.7153558650007,1976.1002259814968
253,2375.9633319030004,2064.874839352333
254,2312.6546299930005,2009.5592856561268
255,2470.8892671780004,2192.566880775352
256,2124.632241581,2182.702477693169
257,2518.289895751999,2281.571471333968
258,2104.9288517570003,1981.3347711693573
259,1926.5951747200002,1682.247159203153
260,1384.6725843800007,1433.0289265888487
261,1294.8687112979999,1119.1525734413701
262,939.1427601449998,748.9475931533005
263,458.279662413,529.3041077912836
264,272.273660094,418.0503354535139
265,232.28798139499997,94.47379267975734
266,229.97607495000003,2.2677858320333715
267,207.16128274200003,0.802
268,157.427858253,30.031493001957426
269,367.290250364,104.18798550075708
270,674.0593781669999,308.5556378838192
271,913.0348263810001,602.5345767156331
272,1243.252151327,1056.6400329450296
273,1487.996699473001,1582.3436101061275
274,1837.2346648779996,1662.384902450635
275,2076.2121845009997,1762.302013136038
276,2004.808572952,1769.6994607257188
277,2087.700386178001,1840.123079726172
278,1842.450257344,1903.5671531922408
279,1948.0470003629998,1851.0384489261476
280,2256.9574508739984,1925.918018393494
281,2252.741364460001,1964.2421554448933
282,2389.615648435999,1870.3719176948705
283,1631.3283537180005,1437.865855122515
284,1162.0691865400004,1257.5453918718033
285,1128.3802520540003,903.1669561646696
286,918.9299227839997,646.5827297286861
287,541.6990085570001,529.0618795887931
288,165.42691259400004,240.70367781554776
289,134.14153670900004,101.1049749126944
290,107.001920599,0.802
291,133.397740015,0.802
292,135.079498075,0.802
293,182.59287756299994,168.68302508461858
294,550.1626912949998,325.46001534271556
295,1200.8192512240005,610.3898133852502
296,1384.4981035770002,1283.3303019686805
297,1963.6462128100006,1643.8416526214887
298,1972.948392153999,1735.3742828017694
299,1831.1604692610001,1787.5446876236704
300,1881.2740343019996,1895.8925477627777
301,2046.2392823069997,2074.0424730955237
302,2137.0539837539995,2143.2245799633342
303,2305.3546466240014,2260.809477268506
304,2449.4291774949997,2156.027859020971
305,2426.0128641959986,2083.183211587815
306,2257.0435792849994,1830.8185765070027
307,1811.654676681,1637.1074692701025
308,1606.9488827240007,1413.2559028085961
309,1439.356427256,1007.8993424275061
310,792.147080576,709.3923145956646
311,481.512105106,569.3040696921886
312,293.728659424,338.80436188959027
313,125.107329637,201.14556443008922
314,34.700982462,0.802
315,63.432161562999994,0.802
316,140.937449975,54.79906316734994
317,296.955759314,179.80959608006154
318,686.4514493799998,422.4839206958772
319,1033.8995991489999,625.8509928204862
320,1158.741484828,952.0135182418798
321,1355.7346059800004,1379.6130209318408
322,1602.3040384520002,1766.281826491661
323,1796.4693271549993,1931.6008937383049
324,1832.8540778170004,1769.6669812913694
325,2288.416713607999,2023.7171280705284
326,2075.8963349130004,2104.928705717965
327,1984.4251953379994,1922.3671614971395
328,1984.8478360160002,1863.1072369157762
329,1753.4148145140005,1812.885370228989
330,1679.771615992,1691.8078510834366
331,1633.8571437599996,1332.237492323343
332,1506.4455772439994,1168.0932688967298
333,849.1246798440003,827.2779600666197
334,776.030671107,591.0797070166734
335,391.76258981100005,494.1476842738426
336,236.28141676999996,360.43797291562583
337,62.638686357,161.99773182914797
338,112.345096926,0.802
339,89.542028008,0.802
340,152.22034380899998,0.802
341,186.71782151199997,79.70580699666169
342,554.9930953259999,407.507539554405
343,628.8927280780002,471.09865368773495
344,925.6276487169996,884.6749896529171
345,1671.3812376360004,1114.6400973624159
346,1677.6648970280014,1435.282315555137
347,1618.2263856030008,1737.2156957849934
348,1706.9626626979987,1682.1282958697266
349,2047.2509808690008,1825.560440993141
350,1846.8346918540005,1924.2065231476677
351,2022.9112296119997,1943.3994756267314
352,2157.9182814599994,1885.1672687259422
353,2012.3095057030007,1784.15451845515
354,1887.2124222429993,1749.051087699016
355,1527.891301738,1385.5224545766052
356,1261.6885366119998,1182.790725773043
357,996.758877183,756.1016729112154
358,592.5864015359998,577.671854628426
359,389.50199594900005,467.88911575936874
360,189.276010069,190.2236566071458
361,111.190010064,88.74662136954744
362,71.22855183,0.802
363,80.07219513,0.802
364,142.229011778,0.802
365,218.366104363,67.94954096776819
366,531.4825387770001,381.1010471599816
367,861.2034504470004,515.6443973331683
368,1452.4539475159997,1188.3471022682822
369,1995.906424023,1609.0735007981832
370,1532.7043065350006,1709.1182499624333
371,1724.8696060429997,1643.8327635131404
372,1913.7445833830009,1828.4845017880145
373,1720.3347305329994,1781.9721283927202
374,1631.9326297289997,2013.0670645658706
375,1878.3232296470007,2073.20575728151
376,2040.4834075099998,2038.8062755288033
377,2177.498812973,2107.7574935054135
378,2044.37436079,1998.0296562766996
379,1727.0153446949994,1458.3162745440773
380,1579.6035427399997,1458.1310847868215
381,1202.4299006179995,966.4185462461201
382,779.470902951,639.2633467443716
383,588.3291804739999,449.49008601502675
384,288.72426588099995,202.23626087349618
385,222.461631541,102.6567439928875
386,75.588715263,0.802
387,60.326607542000005,0.802
388,93.73135885199999,7.843961605262309
389,374.3944363,108.79158918564713
390,652.2856885040001,461.0148149885697
391,865.203960673,672.4872439180186
392,1415.7337121590006,1274.329737877266
393,1703.8884322200001,1608.3157612929563
394,1671.126724005,1913.0030556668657
395,1643.9652753860005,1933.6948485689622
396,2007.5379391379988,2174.5534445963485
397,1750.9088472939989,2113.929953586945
398,1894.6195587030004,2377.453724569745
399,1704.4448557859998,2205.272835492868
400,1921.0990335449997,2254.3290893567555
401,2135.321251598001,2288.510673992002
402,2186.1211323560005,2100.3173098179045
403,1731.6838039420002,1646.9754052030394
404,1364.151111376,1511.4525151768971
405,1019.1273838410003,1086.8996973918447
406,684.693949769,825.7865272338771
407,376.28484095799996,544.0696005353393
408,284.921138596,137.99117048046625
409,136.628638771,69.97756112215943
410,62.074162072,0.802
411,36.969285714,0.802
412,75.962094076,0.802
413,263.290539875,120.02490070809917
414,408.86454448499995,334.7520966027826
415,898.3443882299997,628.1570326592991
416,1211.055241198,1171.4347758951897
417,1635.6752793319997,1695.293065333527
418,1554.2181990000006,1781.0910809998927
419,1553.7881171829997,1808.7285724468932
420,1926.0788164360001,1933.1571714768188
421,1669.8506703299997,2033.324886639887
422,1684.9495046779998,1967.3517478858053
423,1737.7828200809995,2161.3784184690694
424,2008.9022499630012,2148.064585496044
425,2203.140577963,2250.617772658422
426,2177.613112048001,1950.9492916505358
427,1742.774715727,1644.0895219888926
428,1474.5154858399994,1394.9628016054044
429,1181.3841986049995,1096.267108147017
430,924.684599397,722.9580626200216
431,435.02681821099986,536.206956275432
432,399.46498170200005,452.1473026150605
433,229.23582711499998,101.14721954539765
434,211.38898091299998,13.877098446532163
435,31.395289207999998,0.802
436,134.502046867,23.44844586054093
437,233.97994860800003,128.0619367378777
438,665.1074896070003,352.85553500381246
439,888.7356403320001,675.3985408650074
440,1321.046620349,1185.1585335185837
441,1776.3293901380007,1738.7608051566083
442,1638.5294601190003,1834.5416313868734
443,1944.632854978001,1950.011832608575
444,2189.1946681770005,1984.9597039686141
445,2108.238629273001,2059.156635499984
446,1880.0858027139996,2115.9764998397445
447,2041.4938869100008,2066.6749977557865
448,1957.9513766729995,2159.295404079456
449,2292.978293264,2172.580974246451
450,2173.386726953999,2023.9334297070031
451,1712.9525350279996,1572.64399741717
452,1502.3763628469997,1366.8839317400336
453,1268.9381316009997,999.7758370264551
454,749.4923792000002,731.2896073453006
455,371.792261085,579.5526987845797
456,364.80689617100006,265.39232153093445
457,225.32710214600002,122.24363069904902
458,146.92436406800002,0.802
459,145.346376274,0.802
460,210.44368123200002,0.802
461,128.140137991,184.33641724252016
462,361.70454480500007,370.48571385749216
463,947.3112970649997,674.3483724877076
464,939.4930309699996,1405.7462017352864
465,1445.5304365580002,1790.7983292049953
466,1353.8226514560001,1887.8096131639318
467,1504.5012698750002,1958.8109102440953
468,1786.9218190359995,2111.118488164483
469,2028.3313345080005,2275.3176417221716
470,1969.0255081720004,2350.2104308891126
471,1885.2363127919996,2459.7531923234983
472,1828.1373259860006,2369.7044734227425
473,1860.659303155,2269.1837011101493
474,2034.668921694,1980.469336697603
475,1854.2354014869995,1780.2577840737054
476,1381.1014499340001,1531.3838334635054
477,1323.3636308010007,1104.3372788979784
478,827.727777737,799.8495336101951
479,471.54521749300005,606.8994708034204
480,433.549146709,356.5650567860375
481,289.018395435,205.45840595072173
482,114.78535208200002,0.802
483,71.989536332,0.802
484,163.89686017099996,51.78279211872908
485,291.15150381099994,192.06656535379392
486,687.5778908240002,445.09408004802043
487,1250.0779750489999,664.5496690332525
488,1194.381412793,1022.040432291559
489,1895.4568304780005,1461.866333699939
490,2111.9440328529986,1860.421016750683
491,2343.7896895,2031.718009361544
492,2226.593681669,1889.4159206276365
493,2048.484242839,2142.9629210816975
494,1778.77995002,2224.4655600460765
495,2067.8764933590005,2040.4792513051204
496,2041.0269566800005,1990.3057048996109
497,2489.6417738419996,1923.6900431600473
498,2021.2140681160004,1776.0087902832283
499,1754.6409637859997,1406.2973264528796
500,1150.248452171,1228.4823381641795
501,1095.5568220410005,877.0212964206581
502,814.7219730590001,638.4593382905625
503,515.517637384,524.1487668380648
504,347.408652152,376.35152819173993
505,208.883906771,167.3618813563557
506,144.195578609,0.802
507,104.75342545,0.802
508,105.13036047,0.802
509,245.74455731499998,90.0638903582739
510,462.75390766199985,427.4899132325522
511,1005.5167763609999,506.8966599965058
512,1183.0478540579998,941.1904020317494
513,1304.7766123159997,1186.1844277923171
514,1637.203123339,1512.2822792523307
515,1681.7548271420003,1823.109782199277
516,1589.711275869,1781.5633433716268
517,2162.8538779859996,1924.9703026880545
518,1991.9413395899996,2022.4954454872777
519,1737.1214138210007,2042.4423766949594
520,2036.004704558,1991.3325108767647
521,1929.3888619640004,1880.0235519913326
522,1620.2491342110009,1820.5070968600724
523,1516.8436694059994,1448.7563804042866
524,1472.8728858339998,1236.8153074260529
525,1069.864306827,799.9709041280273
526,604.2740277239999,617.2806957620066
527,345.033770984,491.7529242959381
528,251.617898835,189.84034230035817
529,158.91896900999996,100.9625354986328
530,70.425748962,0.802
531,87.10299688,0.802
532,117.18550658000001,0.802
533,239.51573981800001,67.90594302530039
534,463.14199407,391.0724329403948
535,887.8613176139999,525.8472703101512
536,1645.3297613430007,1214.2636395464706
537,1893.2509699700006,1642.1983072063326
538,1867.7275945929996,1740.1707544961585
539,1779.1231507410012,1679.9258483320493
540,1720.3853775690002,1880.058310684233
541,2004.1919357510005,1822.4563187727513
542,2292.9983726379987,2059.2060954105373
543,2019.9765442920007,2114.0012943795864
544,1705.2351382129998,2083.6345047808813
545,2377.7048733760003,2148.2658440260834
546,2073.3965904089996,2031.4096256796154
547,1763.988154936,1494.8876617698802
548,1381.7359097159997,1492.2767710998924
549,1174.6080431229998,990.4605073291694
550,834.546974768,665.6343111961337
551,595.4928701569999,453.1194918591897
552,196.858036526,213.42286184102193
553,76.899912544,98.75872040582502
554,73.186688734,0.802
555,36.906103791,0.802
556,143.39345988899998,5.354313244813162
557,193.11314580299992,117.96795533816116
558,718.1354303319999,476.32094786088476
559,899.2971692979999,691.0922616538929
560,1213.9379643120003,1302.2372074996135
561,1512.913229276,1637.4135736934804
562,1453.7661227870008,1951.5061145145062
563,1667.2821581559997,1973.975273234548
564,2107.223816883,2220.030578757851
565,2061.3569064679996,2158.812201266678
566,2012.8629269580001,2421.1676243163174
567,2020.6004538299983,2251.361722649416
568,2356.6458169559987,2299.6443961611485
569,2235.980604644,2331.4350385765633
570,2108.388692741,2131.935868212731
571,1548.737824539999,1674.6045773563294
572,1269.1241654920002,1531.2795573848045
573,1156.638320383,1106.6599573242127
574,914.439863131,843.1911734539511
575,622.3486207269999,562.5550141787583
576,241.79748226899997,165.82744176383196
577,124.955363008,93.06802435511153
578,167.058645517,0.802
579,39.922516867,0.802
580,131.562710369,0.802
581,347.65488485900005,132.20246631206663
582,616.9630415490001,378.5389326229817
583,791.0125517980005,692.0857334747406
584,1436.2467370120007,1297.4874606055168
585,1925.1845855209997,1854.0790937958966
586,1538.0106321469991,1943.5410175827385
587,1635.0814967919998,1992.995685841313
588,2045.4727633189998,2157.210566283002
589,2164.658355094001,2243.8321920267144
590,2255.049979310999,2190.571389914091
591,2047.04336355,2373.052248382217
592,2372.7341352539993,2374.8271070157566
593,2505.266519456,2452.2252571817817
594,2278.2050129460013,2106.6670962146914
595,1812.0067267279996,1798.3546411156697
596,1730.3749990490003,1525.915550311256
597,1438.5035308690003,1198.7524873675072
598,962.2069266189998,819.5977704537072
599,524.569526748,577.0505287474668
600,330.8382921849999,448.8569934617989
601,91.71783851299999,111.07840490312037
602,70.169056915,9.058266869625275
603,41.395333332999996,0.802
604,88.06058116800001,21.33941231003325
605,324.05980775099994,128.56113709660963
606,639.6428243960002,362.0558191257444
607,813.6808441179999,683.8027939380582
608,1400.1742449549995,1204.275928576687
609,1788.1592803529995,1764.8618484144872
610,1646.2093530599998,1859.9657348551525
611,2062.7089026659996,1978.3580595019594
612,2323.484091828,2027.1638228511097
613,1954.3454860069992,2092.3688514735577
614,1678.5951766500002,2151.41463971407
615,1912.1347034140003,2099.8726264746356
616,2094.960673653001,2195.6324835262326
617,2265.4020769599997,2204.4928732167705
618,1998.086894397999,2050.5355679572845
619,1909.9270346509993,1602.6241108027245
620,1468.4968466430003,1394.039473966459
621,1266.5942818069998,1019.4833321233709
622,976.449982979,754.5807236802394
623,585.8958699089999,581.627450861946
624,419.173575165,248.98613300978806
625,249.91387671800007,124.15535880856659
626,129.70700979999998,0.802
627,143.319437939,0.802
628,107.57343598200002,0.802
629,361.20330116499997,174.62304353006212
630,682.2130030409999,353.6409105189684
631,956.0304144469999,646.7963532363636
632,1539.5963832380003,1358.0299239734381
633,2079.275562593,1736.2128220226236
634,1600.7802038960003,1826.1457545889969
635,1673.6824680139998,1891.9518236913018
636,2006.2395913940013,2034.1720870432343
637,1946.5940165940005,2196.1437212191863
638,2186.2491995819996,2273.737659694729
639,1918.672005111999,2379.8802232229705
640,2084.351167579,2285.3687160796685
641,2719.648509316999,2196.51957095422
642,2032.9310284400005,1925.2850682939256
643,1911.475891614,1734.1728856196212
644,1430.5454665120003,1496.5078727107452
645,1217.234029523,1071.3138994953415
646,831.7639482990002,773.6336727028175
647,356.381669133,583.7933732813461
648,309.34736836400003,353.18645485466266
649,246.87782339799995,201.951880633181
650,140.33725205899998,0.802
651,64.422740296,0.802
652,148.94003026200002,52.62528442863245
653,223.230749846,189.8745026878889
654,411.18150516199995,438.91104990495944
655,915.4294789520001,654.2802986880488
656,1097.4003087950002,1001.4404935090615
657,1376.4081178020003,1437.146407160942
658,1602.4359884540004,1833.4282135847877
659,1942.128259683,2002.4906211124048
660,2637.049613088999,1853.2351983174478
661,2235.5123177420005,2108.29084000631
662,2143.1935885729995,2188.472648640477
663,1996.2252629360003,2006.2992621508595
664,2238.1952850629996,1952.8732137933005
665,2069.5168607010005,1891.239897282947
666,1844.154074042,1750.7077667766946
667,1622.9651921550005,1383.1951036703417
668,1432.1143680549999,1208.5771173879782
669,844.576145916,861.803256891333
670,835.0462725880001,623.168248524683
671,686.722518137,517.1981678872763
672,335.0825662,375.20799568605133
673,141.802208031,168.43512722648276
674,138.536096459,0.802
675,121.819857296,0.802
676,190.24990364999996,0.802
677,283.32658124,88.51169391710252
678,480.3385181880001,426.8496125241573
679,786.4058010969999,505.4612969241139
680,1265.9679671590002,940.2287828491498
681,1469.5487140270002,1185.207195688644
682,1784.7700262690007,1509.9804560418365
683,1673.9685945749998,1821.7728830962817
684,1856.161341085999,1779.1297790168944
685,2085.8415329730005,1922.7607894488697
686,2143.2210762040004,2021.020765204884
687,1892.0098706449992,2039.8948494126848
688,1931.6952276309999,1988.92037155241
689,2221.8943753419994,1877.933130011429
690,1877.9872126109992,1819.5174427972972
691,1881.6116496949999,1448.2500431172173
692,1242.8354224939997,1237.2508737351184
693,1134.0981845669999,799.7812128351336
694,716.6369031209998,616.6487713287861
695,461.24655472100005,489.32591280953926
696,270.855152224,198.4103544515189
697,122.939375246,97.38344428697967
698,94.70063129,0.802
699,102.756267545,0.802
700,85.087130564,0.802
701,441.7247430780001,73.33665402487564
702,728.207118465,396.33053996352464
703,1003.7428415679997,537.8666553706904
704,1776.453167370001,1232.9270063012464
705,2124.524848871,1663.4953572166046
706,1747.0245632389997,1766.3324260314896
707,1744.7244959799998,1706.584626157319
708,1784.2372639650005,1908.4196946469804
709,2069.7217005390003,1854.6982543812323
710,2238.4139409339996,2089.039538508345
711,1962.6524424549993,2146.1210617297425
712,2074.314572255,2118.4346801868264
713,2402.426733312,2177.9878313807553
714,2211.4076756420013,2051.409663611532
715,2020.4419497270005,1509.5111567062186
716,1455.3491053189991,1502.345851599941
717,1110.4238007700003,1000.4503835945764
718,952.7861719490002,673.6469306686864
719,613.3152985610001,464.9334872335662
720,230.536846769,200.00515165954207
721,78.265173382,93.03327990757717
722,155.197633559,0.802
723,85.41579225499999,0.802
724,164.13803706,7.31853196648829
725,294.02114437299997,110.58524457954817
726,507.61847837199997,460.1578992456493
727,756.9507529049997,664.1905148671037
728,1289.2596647810003,1251.2829010775135
729,1958.7926162640001,1574.9600659936068
730,1836.173878632,1887.6880147202444
731,1919.0387117000002,1900.4274745384578
732,2107.7157005899994,2136.969610722262
733,1966.0805188950005,2074.181052015415
734,1865.5262990129995,2334.5218384319664
735,2091.4955434650005,2167.0084150155008
736,2112.0993825560004,2210.451082994523
737,2583.1061439040004,2252.470809860255
738,2105.133441113,2071.631929252155
739,1623.6820894659998,1619.323440464241
740,1489.8642914449993,1486.7418196350309
741,1489.686773881,1069.708731660912
742,1425.5854839099998,810.714075344487
743,515.5793767790001,544.0817945685864
744,309.9054777,142.73325336768582
745,142.81303759799997,93.57243851777851
746,169.267013132,0.802
747,95.63449768,0.802
748,86.126997427,0.802
749,425.5092596470001,119.25203974692396
750,671.9215703770002,354.13972625281986
751,974.0399775570002,654.2284455560172
752,1437.5717206859995,1232.870594652113
753,1943.2791611219998,1776.7209446174384
754,1596.9342397609998,1853.7906536262876
755,1732.7834035069998,1897.2036912441488
756,2030.1514814660006,2044.620664091998
757,2156.304874683,2132.7317852986844
758,2259.472168096999,2079.3793569923173
759,2067.4744457100005,2260.3290095659886
760,2342.968897064,2255.7989831961927
761,2353.2878203110017,2346.0674226212495
762,2517.1364581250014,2029.954774946614
763,2338.6237431020004,1727.9908526521763
764,1802.795946455,1470.7186320226215
765,1281.4811996449998,1149.79823032377
766,998.9110854780001,776.083191867406
767,632.049129298,544.0968946564857
768,243.61908440400006,419.79271465270403
769,235.579478082,89.47611231410993
770,129.631524236,6.810273335687518
771,69.346733955,0.802
772,153.908500112,29.003419187234822
773,269.72891044000005,106.43556948042398
774,621.8415804609999,308.60703516414065
775,824.4628971769998,602.6592521583641
776,1557.0223672180005,1052.2947404807796
777,1777.5410223070005,1575.3285081383501
778,1630.1441057839995,1658.9459571491268
779,1991.488617687001,1755.2464543289834
780,1964.6718907470006,1762.895304136822
781,1854.4931519590002,1833.8984246238263
782,1701.151282966,1895.0005599289063
783,2210.1382797379993,1845.3931813474255
784,2176.198149404001,1918.6923129356192
785,2595.299379923,1958.2059950247021
786,2373.5263603260005,1863.971531758255
787,2099.0100643230003,1429.9587653208662
788,1504.8775245379995,1249.4141369916795
789,1389.4282169730004,898.4149869934859
790,1245.2429617569996,642.0652962623838
791,738.766103661,532.3275442589737
792,433.6393036620001,246.14144739394766
793,180.73799600399997,111.21263898639894
794,156.96571418,0.802
795,48.712383374,0.802
796,113.711863348,0.802
797,373.84170465999995,171.2348402220419
798,808.8540215300003,337.9040832527401
799,867.6772496899998,627.8212408932966
800,1746.8387134059992,1319.9486419206307
801,1862.5958849369997,1688.5847515666928
802,1769.7794145169999,1778.1808097192518
803,1759.6699459229997,1837.9199484109292
804,1779.387444796,1958.4902185659919
805,2363.493360352001,2132.3418041606355
806,2429.799742864001,2205.763559858864
807,2044.2669821849995,2317.500335574289
808,2119.8984508600006,2217.6350780209173
809,2422.7864959609988,2137.159017107837
810,2161.733935849999,1875.7833333462763
811,1635.6073164969998,1681.9565537379208
812,1714.412690244001,1452.08706092463
813,1405.8091840959999,1037.3513516068308
814,1045.7437787760002,736.9948764053736
815,562.3185425940001,576.0236657888494
816,399.767935079,324.71107947364123
817,309.98302870299995,192.11975755022416
818,124.800891483,0.802
819,90.423784173,0.802
820,168.766249921,54.54106534476073
821,303.607222916,171.94492897819035
822,834.6703402830001,400.94091019723754
823,936.765789478,591.4471234950689
824,1308.2608909960002,885.0356253371239
825,1598.8645940789993,1299.8355527645929
826,2086.72236703,1680.9629109726818
827,2126.688863249999,1835.7108910234547
828,2202.5309697320004,1659.5373107801424
829,1995.8112916700013,1913.6195951048683
830,2149.5222637640004,1989.9193705752434
831,2291.886430378001,1815.1520928577997
832,2120.2197321900007,1747.0203822931446
833,2003.9031523449992,1710.1404974224854
834,1924.208398957,1610.3460108471177
835,1289.1510214569998,1258.1621592356607
836,1194.6856456979997,1104.459333193376
837,1108.7123591840002,777.99184297788
838,829.5842683529997,545.6798397200445
839,578.9754423239999,471.8485012602296
840,326.169429033,394.7962855607582
841,187.16209026000004,166.95774032455978
842,122.287556763,0.802
843,66.911852095,0.802
844,220.35627002900003,0.802
845,320.51388477899997,98.10339795904348
846,702.412253294,441.70587674000024
847,685.2568115520002,537.315302727242
848,825.7587619419998,991.9881803728704
849,1353.3477262599995,1249.1973795034944
850,1404.5312413630006,1577.749080719343
851,1498.5287964989998,1899.7981712525707
852,2204.3150889840003,1857.412509426501
853,1772.1894505449998,2011.8462936860403
854,1833.5690115349998,2106.4868068633195
855,2098.557998006,2126.7396145685243
856,2013.4272056799998,2082.3852431691657
857,2006.3352631219996,1962.294301087345
858,1791.8359794849994,1881.4471768821877
859,1382.3373412349997,1498.1197643578998
860,1125.080716285,1278.4355942307504
861,792.858935542,835.2689835644031
862,798.664577297,642.5164185110589
863,464.67396356800003,511.51096195121886
864,221.185097223,198.43602460094775
865,122.96360274599999,104.61881522564676
866,114.002673022,0.802
867,127.350731052,0.802
868,126.34210350500001,0.802
869,214.66088492100002,74.199552821492
870,637.9641372980001,404.3627040781508
871,920.642258558,545.3711141493332
872,1534.0950999860004,1249.5285557709317
873,1708.2887639859998,1684.767905197455
874,1895.967733744,1787.4946578984795
875,1948.5630388720003,1730.3362097009913
876,2167.514066575001,1943.7516210728363
877,2082.196492189,1881.3501944308493
878,2166.254537302001,2119.0550943643652
879,2261.765908978001,2173.3522753400553
880,2125.9446728660005,2147.30809958302
881,2520.193864757,2204.6695157544605
882,2568.0299330349985,2073.302625769921
883,2025.760346226,1533.9285116725914
884,1648.2535469179995,1524.820936392215
885,1113.3751449870003,1016.647478634415
886,842.734441369,692.1153068544377
887,459.545298028,468.6156294224492
888,350.52033513099997,207.99714384220962
889,218.821761837,99.3827742743622
890,138.739548531,0.802
891,110.530207969,0.802
892,105.791055557,5.432612898717508
893,277.620320134,115.28823818262082
894,664.1715824239999,471.8867928038838
895,873.833311487,683.260102477103
896,1451.5259162520006,1288.3385167824426
897,1817.3888301099998,1620.8686637987835
898,1573.6087127379997,1933.8008340915762
899,1800.4546202409997,1953.7028639058065
900,2222.5606174530003,2199.6414713913064
901,2386.6060752839994,2135.6857043805735
902,2030.116287553,2398.2366878138755
903,2272.9548058049986,2228.4132358561324
904,2291.9242861420003,2275.563345793952
905,2600.435679647,2310.0617473677653
906,2240.5618847309997,2116.256620715643
907,1830.8119520949997,1661.4758201776324
908,1463.8758623959995,1521.4837599850016
909,1245.7449224950008,1097.7928438209499
910,1030.4287450210004,836.5681609383822
911,429.911223915,556.2020368200002
912,266.2904663059999,152.6146084353408
913,204.394880994,92.75594400072066
914,157.149062199,0.802
915,119.928946351,0.802
916,222.501370603,0.802
917,223.16228248299998,124.38406815877751
918,671.4591722600001,362.95276434696393
919,1030.74120875,669.7368626247193
920,1313.730024805,1258.9493011761936
921,1299.948943911,1808.0705505032656
922,1640.874194333,1890.1639732840224
923,1808.7837141800003,1935.8665261162032
924,1742.7183538179997,2089.4014847662183
925,2102.7657694,2177.455624509134
926,2054.3521928830005,2124.081771172389
927,2027.9460034160004,2306.4094634658986
928,2095.351311923,2304.645545273403
929,2305.4499099910004,2389.09845650599
930,2040.3409004280004,2061.022436549702
931,1532.1119116100006,1755.2570528812448
932,1701.3128894449994,1492.4874885529175
933,1072.1534058849998,1168.7707785009673
934,815.5333142560002,792.8935784018121
935,571.8866730220001,557.799170268038
936,310.073298511,447.72294836982815
937,198.88048157800003,97.43517633340079
938,120.444471617,14.901803232209303
939,63.998259112,0.802
940,104.606054422,23.080224518969658
941,210.75947910099995,126.3271930548329
942,625.2284107859999,347.35255014012665
943,1079.703882363,665.3152719804798
944,1522.935508405,1164.298873224218
945,1780.268827365,1712.2924593832615
946,1674.4179735719993,1808.3348305322356
947,2068.407421107999,1918.936421526414
948,2408.5590028240003,1952.2792390149514
949,2171.8465614,2024.5739013597893
950,2180.220848056001,2080.6935774727317
951,2063.1460709959997,2033.419703795602
952,2306.571778270001,2122.1471365144353
953,2440.2585456670004,2139.610815530976
954,2362.848228736,1998.614058169135
955,2114.5602232400006,1549.6141410936216
956,1823.8480525270006,1347.2135885574965
957,1194.7619958110006,983.5853518364138
958,1102.9025357130004,718.1420462835591
959,570.0350949280001,574.6493298641562
960,241.89189904,249.96191208613482
961,160.76552623299997,118.26524900270346
962,90.46231040699999,0.802
963,75.066544372,0.802
964,216.21405186599998,0.802
965,338.17106584999993,175.5066693341252
966,684.5441016480002,351.7225440689215
967,1060.642978593,643.5997501002734
968,1765.4083963780004,1348.7204063854572
969,1648.1333360339993,1723.3224752883445
970,1913.5136113570004,1815.8530788251107
971,1813.5825500769995,1879.1986883217835
972,1833.7078039380003,2015.8575608096646
973,2100.3896875319997,2180.766475480085
974,2164.2655994409993,2256.2071984026484
975,1961.2665820959999,2365.4073872768427
976,2671.0259483909995,2268.4775868110987
977,2705.045329282999,2182.417798300169
978,2545.906113838,1912.9782117486616
979,2026.8797970959988,1720.2988108947993
980,1992.51686022,1483.6821429563824
981,1609.799868691,1062.8920391499855
982,1110.8663895140003,764.013264248502
983,806.026089596,584.8715195573575
984,341.27809134800003,344.39521217041096
985,209.46284951300004,205.21617774823116
986,187.08853474,0.802
987,135.293149775,0.802
988,180.43089275399998,53.203881334446315
989,377.8521629440001,184.44226031147483
990,817.6811953939997,432.7862833086043
991,1110.1528441209996,641.2560455139078
992,1216.185875104,981.0321264077621
993,1811.5917318689997,1413.9664616618206
994,1774.0005167290005,1805.26991155892
995,2229.920206464001,1972.9869867269035
996,2367.742355984,1821.9941991015683
997,2205.564370309001,2073.440976763957
998,2159.6232672969995,2155.37416766859
999,2233.7030564960005,1971.659774472749
1000,2537.0161929209994,1916.3100318982804
1001,1775.899833241999,1859.4851531897077
1002,1805.6350421700004,1727.4547710410186
1003,2016.891592048999,1365.6091424325484
1004,1500.1664754939993,1195.4591866873977
1005,1165.044944885,849.6448940406564
1006,894.595749147,613.5370135922509
1007,555.3441741380001,505.64551799648564
1008,324.72040606400003,387.78332039787233
1009,244.317038035,166.23094175416045
1010,126.77181314599999,0.802
1011,89.87706156900002,0.802
1012,113.97665285000001,0.802
1013,40.79036223200001,95.19111095912174
1014,227.69426545799996,435.4902531996622
1015,546.915930016,525.2854900588328
1016,955.734714192,970.5491325548809
1017,1147.2918051170004,1222.5135298341656
1018,1663.337462368,1550.8733174800334
1019,1755.5848960789995,1867.508371214522
1020,1550.203080615,1825.667908033813
1021,1813.9735143239998,1975.577364069934
1022,1848.869486283,2071.070775796938
1023,2129.6040499160003,2092.244859808392
1024,2231.2093330539997,2044.6297811262011
1025,1394.549994763,1927.9666159789895
1026,1326.64465833,1855.8304760663625
1027,984.8968866129997,1476.4831048235524
1028,703.3177120280001,1259.9829449289998
1029,742.5512355230001,819.736919188236
1030,807.8962821240003,631.4016141878845
1031,493.7989431260001,504.23266260228326
1032,184.78048180500002,210.3979438552738
1033,87.58894308899998,103.93436812819526
1034,82.49953658500002,0.802
1035,96.463706594,0.802
1036,117.126177636,0.802
1037,271.76027926,81.12778654775035
1038,741.1467799229998,415.7115027823007
1039,1216.795587814,565.6569711035247
1040,1327.0702653649996,1284.2499827939448
1041,1325.2831930890004,1725.717748099423
1042,1647.6155816639996,1833.7629227029786
1043,2038.8217491969992,1779.841021647684
1044,2249.023414277001,1998.8536082428284
1045,2011.9092709630004,1938.6629484322295
1046,1948.9047148839995,2175.910970989229
1047,2401.610786394001,2230.6042871010554
1048,2341.0592974299993,2209.068712683438
1049,2666.0310913679987,2258.9833353175723
1050,2127.6924448999994,2112.3859838446056
1051,1605.939875741,1566.889781279718
1052,1603.661339964001,1551.334525447796
1053,1605.5007686309996,1039.0736733307735
1054,1027.4622016519997,711.812488306411
1055,516.640958407,485.53408130289705
1056,350.311043258,221.31131870401754
1057,149.18535514,106.76767881933037
1058,99.548981298,0.802
1059,180.86937629000002,0.802
1060,142.58236611,1.7296724755580735
1061,346.5338475389999,124.05907438015952
1062,525.0501735280001,492.2749314855444
1063,807.1158174450002,712.6553011370481
1064,1489.7852455589996,1344.3914106198456
1065,1948.8759804709998,1688.524009326313
1066,2027.3282762420008,2005.0292592863311
1067,2029.9933464410008,2034.1871301496699
1068,2067.263073493,2295.7284020449492
1069,2344.174570826001,2228.110550320581
1070,2192.575037128999,2493.4729991763447
1071,1970.3775973379993,2320.8934677789252
1072,2125.2090544099997,2373.14250702083
1073,2422.2607233900003,2397.5599759501306
1074,2120.1151780300006,2182.62452705073
1075,1829.6276242569995,1724.624843624295
1076,1519.9194363789993,1572.5027973499455
1077,1200.527566057,1140.2928104633443
1078,862.6397597089999,876.0372835227964
1079,674.262734139,577.4532167519366
1080,482.23059987,169.64745060430894
1081,231.549341551,97.35672710315404
1082,87.89742412499999,0.802
1083,88.91887439199999,0.802
1084,127.225522014,0.802
1085,284.633163675,134.3315644605047
1086,615.2586837330001,386.7475968216385
1087,930.3043478969998,702.9226961805673
1088,1731.8275895129987,1317.7939448495936
1089,1621.7936945800006,1880.016942141535
1090,1618.5942788070001,1970.6653339670172
1091,1981.1939971019995,2023.149364765514
1092,2358.354980492,2195.6482104102333
1093,2164.987113506001,2278.098109228342
1094,1989.7862720759992,2227.3964586166026
1095,2151.469917493,2407.8624525257856
1096,2378.9684418339993,2411.9452883679064
1097,2549.089229082,2485.512916613389
1098,2339.2965382889993,2132.3370177176785
1099,2386.4570780169997,1824.6961461506623
1100,1812.819082941,1548.4044246177627
1101,1572.029253525999,1216.3713838913604
1102,1013.0395718290001,837.0922194606843
1103,656.0758244340001,584.1713313305393
1104,403.533758115,456.35823278773853
1105,251.35452174999998,104.36111655574234
1106,247.529417364,16.788115828214252
1107,98.56525406,0.802
1108,134.975271298,19.329084900142913
1109,282.538790053,134.87872896636586
1110,576.977342956,367.5688897085177
1111,806.0058613040001,693.0968695493573
1112,1531.110707677,1214.5229052066286
1113,2068.4751759450005,1775.0883117174712
1114,2418.767295586999,1876.6235820110437
1115,1841.7188802150004,1992.9216099384107
1116,1984.7823217269997,2043.7050859321253
1117,2214.9105103329994,2110.93455199943
1118,2154.348995845,2166.1648614258347
1119,1981.846319469,2118.82443339902
1120,2406.187909893001,2214.345196228634
1121,2316.942445053999,2222.320321898025
1122,2023.3727890489993,2060.8708658560713
1123,2379.485587979001,1608.3517735780595
1124,1741.316749403001,1395.7717104650976
1125,1354.0282378510003,1024.9193637671258
1126,1189.8653887339997,757.9520889657153
1127,637.0319883259999,592.5519370961251
1128,349.979696516,263.96841173276056
1129,101.07582887,118.17385073481475
1130,121.83056087000001,0.802
1131,69.105286858,0.802
1132,184.68619739800002,0.802
1133,385.14089541699997,185.4891237638759
1134,638.8461593610001,370.5212987816172
1135,897.4686135290002,671.1719407897923
1136,1706.3768916469999,1395.8076087872735
1137,1991.8506623960009,1777.4097365515024
1138,1550.3241529109991,1877.9854389951709
1139,1928.05535252,1945.7213563124726
1140,2017.2971966989996,2097.523850537994
1141,1975.1025388350006,2259.9408518347805
1142,2188.3042926669996,2333.1930306968266
1143,2054.084837974001,2445.3038327404442
1144,2450.1756878240003,2352.651060945353
1145,2457.6999009980004,2255.785307644888
1146,2383.912707964,1968.5510937352576
1147,2116.2550726930003,1769.5620214351031
1148,1832.196492902,1520.979018178918
1149,1281.2436658429997,1097.6531252717832
1150,1174.018252556,794.773624817473
1151,459.035140916,607.6768119321846
1152,402.52518817,353.32944983799604
1153,217.08402553700003,208.71076544911188
1154,151.67088145600002,0.802
1155,130.011468764,0.802
1156,142.40630204299998,51.56960309471279
1157,247.420385722,191.59686714792946
1158,504.474451426,448.8324059601817
1159,1036.635453161,663.4577902244723
1160,1103.6073487589997,1021.144341792296
1161,1359.7599786510004,1460.6218585311801
1162,1709.970149749,1859.1236627835444
1163,2006.5301141310006,2030.3126185390959
1164,2003.0899895679997,1892.5583343916805
1165,1888.5360574289994,2140.491065183311
1166,2233.6696635709986,2224.280028400038
1167,1760.5969355710001,2037.8603832302047
1168,1920.1361256680004,1985.7202925470297
1169,2003.0558996060001,1922.3188412158615
1170,2115.7457649350004,1776.6092609484472
1171,1543.0392721800006,1410.7442738484972
1172,1289.3531738599997,1233.1763571867082
1173,1045.9038489900001,879.6431275316901
1174,805.9930867200001,643.427153246511
1175,533.425040686,522.350830711698
1176,298.873834906,390.04665262958895
1177,152.784539414,178.54910911998292
1178,75.863071428,0.802
1179,88.088957831,0.802
1180,100.04726638999998,0.802
1181,275.135039647,97.03602117968482
1182,573.599208419,449.083409308093
1183,880.538606572,543.8449226236902
1184,1347.4281541430003,1005.2849189067643
1185,1544.325937878,1268.122063251124
1186,1597.2996652060008,1595.1906509279406
1187,1602.1094654219999,1920.7896866541025
1188,1878.144177921,1891.352834544141
1189,1846.0068010559996,2034.6954048065072
1190,1960.3517897529998,2134.504136747818
1191,2171.423109484,2150.3620781152913
1192,1908.3302801849993,2108.2021768486825
1193,1934.015452169,1986.1353455291378
1194,1767.1583165099994,1901.7030615864358
1195,1319.5022116210002,1523.0199802482682
1196,1227.9088570049996,1302.8265097979336
1197,1169.436075218,851.501350130316
1198,740.2273651360001,663.1262150867888
1199,539.131356977,510.97254410004655
1200,302.240989733,194.69128827411225
1201,146.46584378000003,104.05860908726498
1202,138.04650174100001,0.802
1203,82.55240614099999,0.802
1204,168.233448122,0.802
1205,207.71314229799998,71.70510377272015
1206,534.5314200480001,399.4312717868201
1207,636.2408569550001,538.5400053280724
1208,893.476423712,1236.648807588914
1209,1496.0439008559995,1669.4666727310243
1210,1653.9539069919995,1770.8908291702433
1211,1766.7030821789997,1711.956952524578
1212,1865.400684906,1921.8958108288255
1213,1965.3582274100015,1860.1130889204644
1214,1768.549603465001,2097.8584456932576
1215,1809.7737846449993,2152.4986550808494
1216,1997.093999872001,2125.212739265316
1217,2083.6353412640005,2184.5097017981307
1218,1942.7745224389994,2058.1628787718173
1219,1827.371244921,1520.139681217571
1220,1546.9239764869994,1513.752628943478
1221,1184.358828282,1007.4955717752247
1222,743.696327524,683.6259804559768
1223,345.339002612,463.06455220334067
1224,363.6347692410001,227.68908299951596
1225,180.23854032500003,100.00696347387586
1226,175.025825112,0.802
1227,78.92348074,0.802
1228,121.23138527900001,2.144401375590952
1229,167.236533762,126.81556693544833
1230,624.684857693,490.5029789066571
1231,959.6608971750003,716.0554420617284
1232,1092.6988288070004,1346.491291522735
1233,1674.2996816220002,1690.6771109163647
1234,1602.7584558819997,2009.0626352178986
1235,2010.9449945229999,2037.5912027953502
1236,1877.7680496349994,2292.0961756183297
1237,1871.411590109,2233.7241362054465
1238,2007.3811338760001,2495.608436512627
1239,2150.5238136159996,2327.0467820886297
1240,2274.681269959,2379.459472094485
1241,2321.269781292999,2401.27288812945
1242,2267.901723617,2183.3165099467656
1243,2110.798273965999,1719.4484195294808
1244,1594.1555620179997,1566.042694839298
1245,1177.9640429710003,1137.046462509382
1246,1235.58169954,869.3266335159477
1247,607.4138321450001,582.994379196349
1248,219.87737444900003,175.72825600136474
1249,196.122713248,105.4048032915382
1250,69.515175077,0.802
1251,72.055152575,0.802
1252,163.767200135,0.802
1253,313.58576233699995,136.2713986770273
1254,521.1899101860001,396.21364249059843
1255,935.2204873559996,718.5226254800858
1256,1642.3693373189997,1352.041058168177
1257,1865.5219223169997,1924.3225374079057
1258,2133.2236846250003,2013.3264441889562
1259,2008.0080891869995,2072.1538794602975
1260,2078.9178554830005,2255.7312892172326
1261,2367.605378629999,2335.16891993455
1262,2094.9852643760005,2288.2920930969767
1263,2253.8939370050007,2465.1871726345576
1264,2476.21675683,2474.403810436592
1265,2745.5733232120006,2539.682914961942
1266,2667.913472325001,2174.4162332315877
1267,2182.8338137129995,1866.1361436039883
1268,1795.3458009879996,1583.626718707323
1269,1340.9146870730003,1243.038822899123
1270,1250.5925778970009,862.6579218664344
1271,672.4161321689999,593.0446558133531
1272,464.803625614,428.779717155741
1273,201.75280193,108.62770337315871
1274,56.589749680000004,5.464729076235447
1275,88.45772536100002,0.802
1276,182.88797323400004,23.183161533271996
1277,323.962332699,114.47732784901253
1278,547.1772440340002,338.2746622023749
1279,898.6173642669997,639.1090979219434
1280,1532.4285201649998,1132.3657771493756
1281,2018.1386117239997,1678.837730299878
1282,2173.1486404159996,1775.8721487331054
1283,2166.169148939998,1879.5767033524403
1284,2065.678608570999,1907.8645812269233
1285,2128.56918008,1972.5265764996338
1286,2110.9214199490016,2040.6848404264063
1287,1835.6329423900004,1984.628071849467
1288,2146.5960118459993,2066.133445924107
1289,2507.1589180679994,2092.64555346163
1290,2389.7509596730006,1964.8899207250422
1291,2207.7753676309994,1525.5724079364272
1292,1916.0365086590002,1333.2017326532762
1293,1576.4908194210002,961.6544400231529
1294,1300.4687872780005,708.5971952502039
1295,880.0712699219999,554.1009023249078
1296,420.3038448300001,268.940956150202
1297,174.44249450399997,115.3709325319185
1298,128.361221696,3.250502401594246
1299,91.776491863,0.802
1300,240.53892492799997,0.802
1301,329.59042270800006,184.2721563967524
1302,521.4361541110001,366.89269067794703
1303,927.2505359500001,666.9991312163771
1304,1620.1172020429992,1398.099289297216
1305,1941.9717544460007,1780.2998363939685
1306,1618.4107869000013,1889.5229318165987
1307,1996.1707771070005,1954.222762781253
1308,1984.232380293001,2091.236287899645
1309,1956.2391490669997,2264.04784781754
1310,2487.634385026002,2341.1458196324197
1311,2223.545955456999,2452.6464641619773
1312,2397.507023359001,2357.2829701723713
1313,2603.7141138510024,2259.77720107083
1314,2168.0699079389997,1967.8819034247308
1315,2108.584777415,1761.2860336370009
1316,1921.6131815899994,1515.4618449307532
1317,1202.6231415260004,1090.890337225584
1318,846.200144613,786.4496586268755
1319,679.5753786209999,610.979628516744
1320,435.5745911520001,367.62758061620184
1321,298.8438105259999,200.13421467498344
1322,147.675258004,0.802
1323,76.641883433,0.802
1324,80.521475517,48.95691750861608
1325,310.4838087679999,200.27061405388528
1326,638.7279793319997,458.63928625468793
1327,1071.2886356869997,677.3151123989455
1328,1314.050704902,1047.8888197390772
1329,1302.019116039,1491.1599344099805
1330,1733.2004803930008,1909.859844162329
1331,1982.7967623599993,2076.222583899403
1332,2047.403891101999,1932.4282645922601
1333,2068.584634330001,2189.082578228682
1334,2168.993348909,2272.5538128034223
1335,2076.772941133,2089.4504888250617
1336,2165.651382242001,2035.356161860396
1337,2184.698453072999,1969.4780681878844
1338,2142.1061697539994,1806.8539962517543
1339,1789.4251320699996,1429.170711676913
1340,1494.6949466880005,1244.6158418904497
1341,1435.3955134649998,890.1204802196579
1342,1032.2542686549998,653.3105311561299
1343,679.4165768669999,542.5075676689845
1344,407.72454350699996,405.1183352692182
1345,274.1506262330001,183.1906767051104
1346,115.86612167300001,0.802
1347,102.451074391,0.802
1348,200.43307539099996,0.802
1349,322.43024503900006,106.0431096487011
1350,596.0714514190001,466.7549567044705
1351,1123.3244039179997,570.9968750178979
1352,1027.180647274,1056.4442446355124
1353,1399.9528164879998,1333.7051069042293
1354,1775.9289258540002,1673.9496324117454
1355,1646.6164496629988,2003.976925613408
1356,1799.2457040600004,1976.5517471004182
1357,1868.4528182710005,2123.5541228178695
1358,2093.1942264519994,2228.2411518355443
1359,2463.3516178199993,2241.6395453008054
1360,2142.933151152,2201.462143121718
1361,2278.5709698920004,2073.9449208295478
1362,2490.22007259,1965.2258834354361
1363,1849.1165451819998,1575.1466233059932
1364,1771.756522632,1348.7070727229348
1365,1291.4817297859995,885.7931369164958
1366,1057.442115849,694.6167931139853
1367,529.287871829,534.5705056173922
1368,253.19984625400002,174.36751015578102
1369,158.073853422,108.61637830723423
1370,122.74184518800001,0.802
1371,71.72770361299999,0.802
1372,221.679819436,0.802
1373,307.71995863999996,58.50596380224147
1374,560.1329059530001,380.9699897933083
1375,953.784172383,499.5738011429013
1376,1471.810600573,1179.54209856053
1377,2028.746140249,1604.9764195901198
1378,1927.3718913510006,1706.0320199216676
1379,2014.7843189619994,1637.7587674010051
1380,1958.1336338500005,1829.2460020698502
1381,2271.8479761429994,1767.6548518426873
1382,1819.3457414810005,2013.0328756876079
1383,2078.996481877,2061.823140078612
1384,2423.567588901,2023.4554691888918
1385,2440.370684742001,2098.008876757613
1386,2215.2563104230007,1994.660684212702
1387,1654.9096933490007,1463.670480805857
1388,1522.9737324960006,1471.4299886163387
1389,1276.3303995350002,966.0127242611428
1390,1237.2868178260005,650.4800339247685
1391,679.3398667630001,432.67733474987415
1392,275.30629132300004,222.68525575846425
1393,80.337340438,89.73911026014505
1394,93.40075260000002,0.802
1395,103.739754554,0.802
1396,140.214959534,4.102775935888065
1397,290.911577909,121.37130147017855
1398,566.666047492,475.78606286046625
1399,997.0230898619996,691.3324955051515
1400,1517.1028952769993,1306.2964530157333
1401,1581.0817574579999,1640.9340024881812
1402,1806.5915477460003,1969.1250110383592
1403,2058.7645058140006,1985.5142475740338
1404,1862.8807989309994,2215.407558639181
1405,2128.5634626690003,2167.171837853596
1406,2168.770319194,2431.954671259881
1407,2323.200859948,2266.8030155537963
1408,2501.6240992809994,2309.827439588739
1409,2327.033875113002,2341.0863309842425
1410,2283.286396035999,2131.9522788742966
1411,2025.4061656439985,1665.9062429487562
1412,1881.8816272210006,1523.130752213839
1413,1401.2454321200005,1099.6259375104635
1414,1130.8259527420007,835.9731035122215
1415,775.9129022740001,572.8850697828781
1416,416.16985802700003,171.95933104315847
1417,254.797074573,106.46553460768456
1418,283.54801024100004,0.802
1419,103.19337938199999,0.802
1420,209.732695148,0.802
1421,365.40430758400004,131.95963980420646
1422,741.43760888,391.7063232341155
1423,1200.5472922289998,706.1219774454548
1424,1347.4694757839989,1338.9962916670784
1425,1952.0243369210004,1908.827681927581
1426,1694.7775225319997,2006.1618228602438
1427,1529.3952749989999,2059.693856740417
1428,1633.4905219759992,2229.598678228425
1429,2512.007267261,2313.5050232605204
1430,2051.241605206999,2273.849115437865
1431,2232.466328307001,2445.6769473652166
1432,2540.8929488139984,2449.814941264268
1433,2875.447087449999,2520.241979152547
1434,2389.6216795890005,2159.490052759698
1435,1798.492427862,1848.7288762365808
1436,1474.4504389379995,1573.189993803024
1437,1194.6007276129997,1228.9894731917416
1438,979.3022697940002,850.735690201625
1439,636.4701869059999,587.2918072310314
